MedInc,HouseAge,AveRooms,AveBedrms,Population,AveOccup,Latitude,Longitude,MedHouseVal
6.243561663863074,28,2.066909455014857,4.829263245236082,346,2.018586966388333,38.14642818934886,-118.81592455265424,1.6574123579118125
14.310000289738827,7,3.7413391966442884,2.790315681899214,3319,2.7019241883877454,40.49219144694105,-123.25055987301504,4.8933376057578535
11.247915185359671,35,7.293474307198852,2.5377116237794706,4425,3.382839717900093,36.80266925665627,-122.89723271723433,5.39115767714609
9.381218778758512,28,5.871914945437977,1.754124421678366,891,2.4803275501947355,40.704108285583004,-120.16490975507261,3.5935183969071023
3.1842609661941115,14,2.0425078053467676,4.8149234293568455,736,3.574647476962414,35.59445026182239,-114.5976580712711,0.6704921811364509
3.183923284706837,10,8.43595713945458,1.1426643701279031,3875,1.8268521275659295,41.2670750433909,-117.07090848431919,2.189032198516163
1.8131705703547925,16,8.1824765863227,3.1092330922147626,2521,5.888564064127499,38.986569800812404,-115.32381133810867,1.59345881464996
13.126466040849092,16,6.387353303948501,1.771476203833875,4933,1.5396227748249693,34.57177136024427,-120.3354335366002,4.644449316820694
9.415610164404923,31,2.531706606210177,1.7555373065650848,1188,5.65972069827186,37.64084921688625,-123.56786300450001,3.608970489634362
10.913016089144637,42,8.132120396260678,2.322358643192848,4283,5.567890057013474,37.330305614882555,-114.25682362795585,3.975851931331891
1.2881829201412343,25,6.669708701850912,4.994568211170446,3259,3.62680240909749,33.37898821730334,-123.8282700933763,1.5059349970942095
14.57873793026792,13,8.255679817263673,0.7473483807791993,812,4.624551359180422,37.912429057506145,-114.5234834691891,6.218120869437961
12.654196971205904,6,8.013975939166723,3.1034381819158914,4796,3.180241489862939,35.14785623716958,-120.31322576150855,4.205146881290613
3.972747549495866,44,8.424016575662698,0.8715747111587473,3744,4.150172887712191,32.523487668096024,-123.89909594978118,2.456438721631937
3.5455495408994087,9,6.144064531236999,1.1953437349573353,3990,2.7028796871055936,41.48656157706565,-117.10842768275492,1.8845850006410976
3.5676631379480734,45,3.12259614554812,2.4780332379780443,2686,2.505795098927227,38.41490369064288,-114.19459695968646,3.5815956191848333
5.259391401433528,36,7.369259787037509,2.797070591058986,4409,3.8911489308475686,40.76918931870847,-114.34374277162408,3.4448315063575943
8.346590042851329,43,6.963790280415765,1.664565837640358,2208,3.4906483709199017,38.76056005013253,-122.39062988797582,3.930040356650308
7.047230260989621,20,7.938025497592697,1.9240570889348727,4893,3.897681845749905,35.56983692140113,-122.18752193933845,3.231568182635481
5.077207962772587,18,3.3590480484058824,0.8913515911516987,3714,2.433302906435115,37.12688072328811,-118.3446108538034,2.7739230519231537
9.565940526113312,43,3.5598015992023138,1.8644890272991272,1342,2.834789159084976,38.75746760347177,-117.62695173571676,3.5378502426247285
2.9529140491285855,21,9.123276137754628,4.849512977212449,2159,1.4194898031445464,41.60252325201438,-116.60582086334135,2.2815974829856183
5.090025079493055,4,7.999822387616566,4.751183217526168,3586,1.2613818613610286,34.536694591216964,-122.18949639527852,1.6107030972861702
6.129065806111684,33,9.265827909602583,2.0069523056164327,4432,2.2672856483650814,40.749770586241176,-114.40992913235566,3.787412252122214
7.384979779038503,27,8.069722569311367,3.068842713254427,3910,1.371234296652729,41.240778052942694,-117.61260743710763,3.262046858872858
11.99246345950219,7,6.777242447922415,4.59317925999925,4000,1.5188735431737035,38.704155146589564,-115.52953081129445,4.286151382264398
3.7954329502170365,6,7.233061896222989,0.5278272018840351,2705,5.064642026969685,41.31266627401338,-118.59934284715828,1.7761066721591416
8.199282137790561,15,9.11302339152008,4.148076066519163,4842,1.1943684850834466,35.978785874773685,-119.85723152410117,3.8130265318398755
9.293803964068594,18,6.630454036095524,4.7676629875501355,3134,4.2947139696737135,41.530161760404425,-114.22817093405004,3.4854624851578757
1.6503057780799681,32,7.059130594627099,0.9109658045010067,4668,2.362788744077003,39.02782877165975,-118.17878629180164,2.8744423456757797
9.505627926620138,11,3.2518137280288046,1.2265145871481447,4307,5.357728403540632,32.42005767418812,-115.33126417200822,4.04497781633262
3.3873377316220816,20,5.791369760928822,4.823358362471099,4151,3.4249614228874976,41.06872831819053,-114.4670760363371,1.1020260463045792
1.9107223017939132,24,7.731176895664792,2.9189306463815585,3463,2.527882296639129,36.84472809033193,-117.24645372991341,1.7761159158605428
14.284397521546666,15,4.167541586530923,0.5638848551227567,4121,3.5881946784471728,36.60326984777833,-118.51061321481325,5.34145678835558
14.518848463043831,48,3.6180334441962794,1.6593439944358812,1945,2.9097900952263442,37.664666059796346,-123.96489149089349,5.365411019314377
12.317562873630456,7,4.510614465795324,2.5247465342098683,482,3.821505323349151,33.493845467712276,-123.59980359260994,4.76633133393918
5.26459276842719,21,3.9320050239426676,3.6180900996114547,4212,1.5726643416317412,36.691660485673985,-121.99148783948884,2.7589992358969875
2.367409596089374,42,3.719301096291167,3.7992217016155982,4688,5.984952514062756,40.31127216717746,-122.13991568144004,1.6904106267787178
10.579262371170197,26,5.3988067429446955,4.9793968081645525,3910,3.127779388483588,32.15482459137515,-121.45241204800155,4.475297487273992
7.162134912354418,44,9.262708111068273,1.7938003972269156,1996,2.7411531985368436,34.729171603243714,-120.95065362302338,2.6598899174977357
2.7085352878269036,14,6.056477173909746,2.9219904584081386,1609,4.551049241581325,32.024545864438444,-120.39934506449272,2.23090288545706
7.932476741557783,37,3.5033630465225842,2.8999559653682225,4312,2.8194970324766624,36.15711309149848,-119.79462309931124,3.7683359298889445
1.4814392956130575,21,2.6157733550469926,2.325403667512569,1678,5.166371525143788,39.28315510493735,-123.01133661543986,0.46590009344735894
13.73048562910295,18,7.569249161103402,1.261228522290891,979,3.271353621802126,39.98771829114629,-123.57638068047218,5.298949358773108
4.622919742400237,5,5.062390115491103,4.898554534327292,2262,4.597792066327175,41.45189761127007,-117.26055550926976,0.7350454518691969
10.275311980955747,3,8.574647572682874,4.339927339999637,1672,1.5372660822094328,38.08504612970786,-118.62665175156923,3.401350168126915
5.363955065251753,23,7.2760861491261615,2.7424986273240672,1748,5.230595927775559,34.54626866652895,-119.5585579777988,3.207489872163145
8.280952296489351,26,8.369931604330947,3.214604402078134,4839,4.6785899338905494,41.24147949136699,-117.65560058831647,3.674130550073418
8.653943910805914,37,4.17556831534759,1.5226747410184804,1459,2.0585838923098283,39.75315753880376,-115.7232059279646,3.6435047814638333
3.5879623773573783,24,7.538871379688465,2.947041816762861,4531,1.7264300487289332,37.74428483003145,-119.72307090883795,2.185536855661196
14.57418478870382,49,4.11249587754975,3.6273655990466414,3069,2.5814617436281218,38.95640215718936,-117.58880534948021,5.546421921295035
11.851859527055604,19,9.512547835602334,2.8182516277396497,4060,5.880352930159521,41.24316355007429,-114.46427776164842,5.239644918774296
14.152985181898648,25,7.090994252266995,4.9562832676322355,3911,2.2841578728352934,39.123940284729215,-115.60375504138439,4.8976860091907515
13.527582905987083,21,4.596094401402737,3.2510374531147677,4342,3.2806360447331664,35.68374507584734,-119.7399918949759,4.985005476111333
9.370599703355191,12,4.156094898338181,2.169381706664761,4317,1.1501011285866816,39.13028202289097,-117.55283162185258,2.7860114830688403
13.906239290323636,41,3.527412680573148,3.9746841242712714,180,2.9861376478311628,32.40278162735388,-122.2292907808406,5.516428463074198
2.2388950287268727,33,7.557127671149822,1.2670813021173892,2832,3.856600077165514,35.864155618305816,-118.3947781510491,1.8633416597010788
3.7437600738680326,4,3.7497249039834184,2.2303211616781993,2809,5.7656230625398255,36.063230318455794,-114.18671708861557,1.4460906880525344
1.633182044747533,42,6.7624261274199124,2.061315276699136,2522,3.583680224700322,33.66838234420835,-118.81684884797478,1.7220459929020677
5.554624630685701,7,4.117080215402859,2.4431319279849975,3741,5.095536630888439,32.2308548055177,-114.72361700809853,1.9781121140891451
6.441482055652748,22,7.295751558350949,4.0180092166792685,4699,3.7356382128445027,33.33381236637743,-119.92665079496739,2.3987561978742287
4.798886444834543,33,8.519517828324314,2.6787786447353334,767,1.2039250671775905,38.54621495797055,-114.01155172815369,2.9823038151256944
12.60232512812701,17,8.224201945157226,4.073065026196833,2596,2.57504137594887,40.02288816363688,-118.20779964772441,5.0167965303283975
5.99454657371025,24,8.086810647446253,3.0942000641293967,3599,3.877747539155516,41.88203492726974,-123.57731005764066,2.26701495672822
4.933083135623331,34,3.5017792455380166,2.0393124559589992,3598,5.752969829655622,35.46363503108494,-118.13245203308612,2.109937289452947
8.597745164215478,28,2.7070795758761497,4.1449043465756255,1544,5.295651798756166,37.99379222261102,-121.25427304320404,3.2177932108317897
2.972939149646677,43,7.591590627899085,1.5723035174889122,1445,2.1417780708942384,41.37144966815122,-123.67518677964105,2.1331015627097973
12.230757730556554,41,4.9467777103548105,1.5097234090990796,1289,2.1005491500958176,33.670417813381526,-115.79146695305337,4.797008112654131
2.0437090115167917,39,5.458769811226778,2.770263158246761,558,2.0058648355695037,39.17645586342743,-121.24270363019244,2.608527396910385
14.816417112407242,22,2.2491927423471285,1.6738216068294,1312,5.612494481512516,39.54978733149163,-116.03451445953502,4.51707193488587
11.811426770153204,49,4.0766115942003935,0.5408916572804734,4659,5.263330765508603,32.889755358693385,-121.11782417044132,3.7479511061328283
3.7820195414784137,17,2.269411230995712,3.417338872844607,1011,4.874417161264744,40.61249385183065,-122.05673646126226,1.2313101357477076
1.0773096397304336,34,9.03348618080998,2.7999221966257912,1125,2.9636755711211378,40.13105047110844,-114.26064425895572,1.6024655576789926
12.416459998367678,6,3.947173465748244,2.5048301652192255,2511,3.521903521493834,32.33403006577434,-120.38354672244981,3.8694188633835256
10.89600281386664,46,6.458697356584064,4.851358315782419,171,3.321658723975764,32.910844148800514,-117.9862378855684,4.726508262620299
11.206100352573822,6,2.3118345652890433,3.0703963278331114,2785,2.2669905377968633,32.49126893891852,-117.90018507185529,3.0454528659878095
11.79778485360324,34,7.3347791304452645,4.385442100052231,1293,3.5251402307438346,35.34743531799362,-118.39526517826498,4.14590120582476
2.036625124277265,1,4.584218766032751,1.1275260629232209,1948,1.1524827392637724,37.092889906799265,-114.85304256478786,0.6957895235499074
6.018520199619816,10,9.183353495661326,3.0614290840824245,2484,1.6590518674872958,37.32347727954629,-117.25558928633131,2.443895587008377
2.622166833351816,21,9.104945511472287,4.405908320289063,2122,5.432947980844732,34.676667597694426,-119.9626699589507,2.9572696591128795
13.08344796225831,5,4.602324946893982,3.123975907759541,3841,4.7583988351571165,41.11596886560274,-115.37619615475725,5.105291861943071
9.72617377558581,2,9.207687165523744,3.7310638015715067,4848,3.1143420452954356,35.68262789871913,-122.18937100884035,2.857304184502157
5.632572347937089,22,9.96926138799023,2.1741960551549333,1398,3.585751811419386,32.45550155965353,-118.55763242389583,2.05308358397687
1.8898169040043309,48,8.603325312991585,0.9160228266667998,4202,2.849994429799887,35.00227111541386,-114.49449628056243,2.298599987356884
5.353752504019271,2,8.758970782041832,2.5605513280718215,1004,4.703899335803362,37.31109422544156,-117.74602370119587,3.349792769008553
5.552566508374459,10,3.9920698888727193,2.275157258774859,3126,4.9209358961603975,36.08221822588232,-115.83031549525124,2.48426394937411
11.214486496732897,34,6.6136191908620505,4.401770820705263,2128,4.816425951015796,34.738425190992594,-117.46439274454806,4.469176477469413
9.925804598972984,16,2.538047311738943,1.5979788605861251,4811,4.613058624172248,33.31323249764318,-115.6062913646211,3.243610031480668
13.420978396068572,48,2.7593434945733577,4.850304023907986,2720,2.022521693463979,40.191645000962296,-114.55512120154756,5.55829390530291
7.61100895226729,39,9.991140896266325,4.811621539120233,2746,2.689849896202394,41.961452421241916,-121.27078272467263,3.9108303881524598
2.674319443136224,22,4.6131139954072875,1.6143423938214743,4965,3.349227174918375,35.29542133523882,-122.30338918743281,2.488769304380698
10.98542702112193,12,7.985471296390771,2.066233799647942,2389,2.653964957138278,35.81621044176604,-119.1600924966746,3.387011114780351
11.650990680636564,24,8.453320424214532,4.530000833932482,3972,4.774701000791644,38.18037524676957,-116.98137573175784,4.805952099182392
8.857880765972947,47,8.864186168057834,4.849799994032484,1585,2.6467676212497735,39.18441474735541,-121.72808746817783,3.959644013123101
11.793540519363853,40,9.981026379217251,2.4954759627621983,3251,1.6911604339266857,35.920295348035914,-123.95898549569833,5.418528604349572
7.91313834910147,38,3.9319718820549427,1.9444867053840402,1540,2.9952022602415203,41.04929516981815,-120.57064884163294,3.555342483464932
8.318259611347916,10,2.3228066148775977,2.867423059631939,865,5.899572163911902,37.60003989228918,-114.31140664532211,3.0392204964105494
6.985574257019695,35,5.289532143956688,3.5949614286458065,4579,2.1294070646678795,36.50390076405931,-117.05032539394153,3.6336684934573817
1.3558677744173326,49,3.0406453586315756,1.730635319187409,2538,4.060793294716145,38.46672753159905,-119.98674556058776,2.2991893921099003
2.5104799779062623,32,2.179407113296441,3.8141292857858278,4192,3.1648652491985314,41.52803848249173,-122.0742390265316,2.3962398256140394
1.4400085996142795,7,4.883414617131889,0.7324581070158847,4883,1.3551228382466332,39.94552294421705,-120.43910326245253,1.031618286775365
9.909745757692926,21,8.269906008601891,0.721825217439874,1249,3.4393830299902977,32.400131305351245,-122.30160566698753,3.912648080490916
5.400983735068573,20,6.529445529800567,2.238294673154954,3665,4.510821643241562,35.3230991073996,-122.93694178687049,1.9484140555020197
8.119989676305838,26,4.502223913682832,2.0906293642732425,4242,3.566099879139094,36.70544684951223,-114.93257627427447,3.519130996228165
13.705930634965302,4,7.234736043941758,1.9203494691521852,2072,5.360530318732906,35.145175722091054,-114.02349661624527,5.236693995139534
4.490091208084249,46,3.8561454424704857,2.709588932010095,2766,2.4446850832879132,39.001875608304566,-122.35885560404209,1.8429385855562648
6.745360922498817,22,2.11505156857668,1.9433011204020705,563,1.4312458565198245,40.26269149862581,-123.4547744112172,3.1502808697115787
11.577715939602681,15,8.114827091491419,1.3651606331064137,4318,5.68282805829003,39.313450951852715,-120.70268892853788,4.46586430418272
4.2031743168827145,40,6.989944678912073,1.892612970898704,2281,2.890981747641095,41.893332868282755,-119.38340819238584,2.0374077222899234
2.077718737603102,21,8.098420996007679,4.887069227646057,1742,3.8820277572681667,34.72547647893029,-121.95178752924146,1.184660662252072
5.056520340792752,15,2.311504133501325,2.3500103764768188,3988,4.96001563065098,40.74989495024421,-120.98575088201441,1.458984615442228
3.257098021556062,22,8.696957022645218,2.501207495862511,940,2.6215683193779027,39.666226651744864,-121.99129264308343,1.699037109888686
14.015767132796023,28,6.956209600290427,3.09445245478013,2754,4.580822690888056,35.621787575581465,-116.25739431567548,5.590579175350165
12.313685313901837,14,6.507162805701121,4.92503345786402,4218,1.6770942490891403,39.341245436569686,-116.87422056752739,4.810484066191737
9.867652591145928,27,6.996912384916253,1.5872057439609335,665,2.456468736027526,33.04075956418247,-117.65048484239018,4.970199519398958
13.200448262628047,41,8.915465974946912,3.5657694973959524,1064,1.7235531806825994,39.893334823405525,-120.12782142920796,5.144281485244059
12.251409076587603,40,6.6954920524712565,3.7219311209377586,2382,5.056152792006789,37.32330602587103,-114.90959058685763,5.130353505904171
3.611980824404502,28,6.647603039105435,3.2329598755687967,1095,2.1132461761339267,34.92290172709253,-114.3046745846498,1.8231936573041259
13.495825978859688,26,9.925433256526127,0.8986025283648984,1287,4.587017777026052,38.557773017841804,-122.26360687374589,5.526422944390127
8.55079138681911,49,8.053841336548544,3.545925241224094,4411,5.716491986228263,38.41619998714409,-121.76987358588121,3.4331350939765537
12.304162172296875,2,5.538350443609082,0.7884261996627897,3354,3.638861045344385,34.094862227195996,-118.7436897199963,3.684063815896941
13.545278198928905,25,7.659176000263422,3.182641922974536,756,3.7001459613034386,32.30397414811526,-123.08749430717755,5.571899207885676
5.452048649606095,3,5.113843773534308,3.828115297497842,3082,3.30516784048906,36.33622586901674,-119.63551601176887,1.2738602313074923
2.5407269433874746,8,3.831003699867992,1.449364507789777,1213,2.629450716968214,37.695118693444215,-118.1820873522229,1.5402657114523972
4.191092275587184,44,6.774815015102075,4.2872990339424835,4506,3.3782751546245855,40.76605278370599,-118.77926428862666,2.26236970646338
6.979509040767589,33,9.425456784911612,0.6365921248985191,656,4.014037661333797,41.282167956475945,-120.69091416921974,2.7018005921232384
12.452206722914903,42,9.433116160123703,4.297157886462378,3119,5.929957860853297,37.288052181567664,-118.57554193922793,4.034831068847987
13.050228165588809,35,4.7352422248439225,2.571480727892443,2404,5.688822796591121,39.53803483768545,-114.41199045741152,5.691749309043084
1.0973298274366698,6,6.22141972977356,1.4791457296924002,2680,5.310764791465608,36.39303272327997,-121.93982595708624,0.044675400715798896
8.15046223608592,39,3.6930871885588896,1.102001652472856,151,5.445652678524292,39.46082156572893,-117.45168641605997,3.507160999050992
6.843754044082906,23,9.965048875991068,4.789882254120677,1461,3.339245916460215,34.04801524939167,-123.56603305843949,3.447112385306436
4.109509346590223,25,9.848943262943486,0.8269951441152052,1294,4.287221635887324,35.710647348035316,-123.33583595518564,2.0197962585424207
2.678115142671559,43,7.196071437659579,1.3959203897116654,4119,5.4753336146810705,38.34227998813615,-118.48171775776414,2.036482982905065
5.726612399650792,19,8.435312477419787,2.0652005634487067,3238,2.964753824956765,32.18157965607079,-122.95060819672051,3.0776668944686874
14.200735854775267,5,7.7208012902696,3.291056820325042,1748,5.8088123917273435,39.224613103389544,-123.77653211573143,5.114406136853525
5.524841048290574,11,6.7452657523157455,2.951604883742443,771,3.078930310345915,40.35535501268167,-122.28487002351977,2.1741108622944973
8.263068704407125,12,2.4267839759111816,1.0653957158554128,877,4.005413326966078,35.99141661093952,-118.35150829000426,3.0267815379581458
10.84226542453249,10,5.638114740421289,1.8037759268219657,2379,4.54902356636186,36.47942417177164,-116.96659045481067,3.875184972967989
6.090814433310116,8,7.398290417339284,1.5743829698871084,3122,5.752960065379692,40.51282212216531,-121.9752143585862,2.1631459334513434
14.604949158093449,24,7.420252911069477,1.4609428452065363,1960,2.22308137026133,39.75654635326033,-117.31740562791825,6.130708124661522
14.474262129189558,28,4.984980947379069,2.3501495141599418,3239,4.730654891193211,34.88149489033375,-122.1752366890077,5.386979550267493
4.524952141555098,41,9.533535893264244,3.668141536662456,1174,3.604077930720411,35.23976106561539,-117.86542573368743,2.0264165663402967
7.961479082493396,36,3.338856257894248,1.4785381949775618,1816,2.342785703103205,38.78878232390596,-119.88040320104201,3.629239765374438
5.2122963374347755,37,6.002875569724485,2.150054958663416,1383,4.883034198981953,37.63198092448161,-117.46200490666384,2.488715785272893
4.987766921284546,21,7.527071812406582,2.2591284207852302,4786,3.7611114008692326,33.62229571096497,-114.04947247520752,2.411362741262714
1.5164172629634591,8,7.577086447134474,4.894054382459346,2086,4.304869103248379,35.099299092291666,-114.62183034767438,1.132028521577888
9.533900675718556,9,7.1891116541505244,4.79599860595581,2733,2.614505342889505,40.99983276878654,-123.95718242163896,3.122807686339781
8.03750632520406,47,4.202305707614881,4.100619122384342,1101,3.406369759138025,38.88174436722264,-115.14561235637694,4.467970443650665
1.720702517499851,15,3.2496525494929758,1.5874651436863332,1146,4.086771254940335,41.8597431768552,-123.33509204825233,0.315143890380726
4.90105049931256,48,7.087522614613687,0.8061679134125136,2276,3.02455407134922,39.670125299807694,-114.46953413840156,3.12710275423373
13.715722403533151,46,6.794416929115502,1.9260686197428114,2438,1.9918626992385065,41.4197443214359,-121.18174320900316,5.808530773561813
4.353866469337614,40,3.434848082313928,1.7005754724522388,1955,5.80820246157652,34.161885738704754,-120.17965169588729,2.3852223629240656
3.0285282092771233,18,7.641113164564507,2.7766661006587725,600,3.557337700213087,39.71484874816926,-123.08361794824272,1.7983435699676629
7.852338643885882,42,5.641375933869251,3.999775595305069,2333,4.669601851438502,32.20217520147797,-122.87727241671091,3.3713437652940406
14.79910635754841,20,7.3420847328252234,4.362453224954861,4674,3.0552359677802907,38.70760021711534,-116.73259434770681,4.954227746400318
4.388773801161006,6,8.698936638161205,4.301888384347288,2639,2.775658820128582,36.692822781202416,-114.55667764251709,1.6809748058606377
10.4098976636823,12,3.3578274286153853,2.1185400255038047,4708,3.035821492335625,35.46760071920069,-117.89251505045691,4.172096766324929
11.662674614602047,2,2.1531589439746934,3.592554545573073,3814,3.045983218928249,40.62404352293089,-116.84149984473189,3.3536171897509672
4.326925615893595,7,8.232820691166294,1.9077538888589902,2432,3.720900579709768,40.54267692657531,-116.38030255402846,3.232064892844948
11.195028880566035,16,6.8775794012209275,0.7740749445583222,700,3.717349349906816,32.223017048986435,-121.37185725447058,4.662033016461871
6.148963858069545,3,7.597116556976974,3.6570436952132406,4384,3.485769079414358,38.09505122449431,-123.54770369079785,1.1477337710546867
9.852281628310113,45,8.70523979990914,0.5442239865640452,1088,1.6739289245871904,35.678322243209564,-123.98127256080832,5.140626777269529
9.869415950652526,3,8.422487478596004,2.3413216435631985,1981,3.4803773925026555,36.15661001500449,-120.49350717045981,3.7194275480159074
8.500845577046618,27,9.687361175430597,1.9822067118593407,4583,1.8455195021032575,40.32040739218776,-121.58535771800784,3.264903581372166
2.2640567807617162,43,6.287480630816946,3.620198923334836,1854,1.6306789314788257,35.09839771527678,-123.37682274950815,2.6390827510564487
12.694234938249332,40,5.907965061279243,3.948104627421705,2564,5.663228586705839,41.4304881063762,-122.20471707506333,4.783703289504874
5.490920909604302,38,5.215097599125841,1.8684258618707772,2323,4.024750065738521,33.79633826372141,-122.75501101732053,2.574898559559444
3.611259145597959,33,3.2295283427536363,4.1523215650018415,4582,4.297450290622921,38.62722423368178,-114.8512161938263,2.046309508175806
1.5708519817666948,28,6.580857863056179,1.822625422272202,1594,3.0089683516668186,38.72105067013764,-122.59732786540832,2.1696252795001336
9.272501204635386,1,4.21610019460783,2.5084686199395256,952,5.544904459574321,34.52195161427918,-118.6235153601232,3.1546445489535015
10.485901065791953,8,9.370460097703804,3.7715833715636027,551,4.189652447898327,35.24750608967202,-118.06894044887835,4.075146834877455
1.2322296049899861,37,6.665526434216781,3.6181410315115485,2424,4.845849347617937,40.3479849257994,-118.56510542291366,1.2468814661164698
8.169302816189933,32,6.742721444064881,4.9431581254049,1858,2.842812345138569,39.618052549549525,-123.00943565784011,4.080783507509274
4.170940852771132,48,4.83939728701608,1.5132246089716934,4408,5.800059404095627,35.290958803147596,-120.81201638249449,2.681086147363753
10.032419065732299,43,2.41591481582166,3.4804306109281207,3453,5.102306450791575,37.33956546934934,-123.48729667536847,3.8245741070469497
3.44113000606988,37,2.253950122983909,3.2435685872409983,4236,5.269742315072718,32.616802962530954,-120.04330085903683,1.6608021462779199
10.673128333434523,4,5.38668115322558,4.617943045205134,4795,1.8609713371287713,34.087458823986296,-122.11401068728408,4.103122260886186
6.414294848207524,30,2.676523024777903,1.2036296374019377,3438,2.3548160393560975,36.858205588603994,-118.3836746671562,2.600597476920387
14.114219842314283,6,6.854775644321113,3.8830917361411985,2688,2.4281329984178854,32.859737352792116,-117.071916061509,5.360287739386997
2.9252932180439055,46,9.04778404511726,3.0572087732094575,1882,2.354546116234356,40.433323548919375,-118.67880139795294,2.3137185795861566
5.774928914703619,19,9.063318532149777,1.7359964140455744,3620,5.27704081052144,39.18006210107648,-119.65763303388604,3.293163448815154
2.588629297368247,32,7.272363281057859,2.6349571136622836,1879,1.1594239760429605,41.43633670648495,-120.12666579143307,2.115625351804327
13.945710655899878,9,3.689854651783448,2.00199468681409,3232,1.3804999449038715,38.93466905964027,-115.58308231902996,4.157221433315625
13.282750947333735,12,8.903974650870977,3.106910312548074,3673,2.3695743531495186,41.404013722621855,-121.8063193493473,4.9163891848464525
4.6111827880121785,11,9.088747482505665,4.500502748665997,3318,1.9993648732472182,37.54512555690965,-116.65781660471131,1.1919029890203512
10.239776644478507,46,3.5732286796236696,3.061872429854909,3857,2.159298069414242,38.0021861106197,-116.42517675259882,3.8241423192972483
12.441110802817022,16,7.899408686165418,3.342750882469628,4116,4.9897159462665,41.76971054626261,-119.80799992729266,3.886233362708343
8.772811362392472,1,4.292156391416984,2.8343653120161925,2937,3.8156329694602347,38.42129146864261,-121.02699400774361,3.9380908288484675
8.415108096984092,45,8.421122498823436,0.7302447790046416,2481,1.02885330646484,32.307865688607464,-119.29458513954025,3.447117132019033
4.385932072606323,21,9.977903199228821,1.5478635059424242,4339,3.146613828520976,39.23802776630524,-123.06786074107302,3.949072080016647
2.3034387492825887,30,2.2402080426351425,2.7140077824443725,4036,3.0394246342517945,41.054686921374156,-123.5406996777091,1.6364918062603135
13.561020611346574,13,9.178926926327456,1.8960587768511714,4528,1.5697263472227176,39.95580249794327,-122.88396800548108,4.891962353217648
13.605852800286627,34,6.981044268789264,1.317936189925374,1519,4.380708943007286,37.83833272625422,-122.12854968537773,5.797143507779059
9.863420401825751,4,9.78706095331857,2.7685977886329725,4250,4.510485941897455,38.71303513093516,-118.95823179661957,3.5570449668681587
5.746417074681809,28,5.720076140211421,1.9526440705153265,1430,4.604466095260488,41.90191789251672,-115.50863363838877,2.053526092696114
5.888934044577253,38,8.779103444570989,1.6614843942803663,3017,4.64235472779296,32.90662088509338,-121.64357668000314,3.3610514722206704
11.163379504183352,31,2.499152548786218,2.5879343784817137,1546,1.000264134661484,38.6724482863324,-114.64837989253222,4.439568735372662
13.559543639336079,27,4.682232400626366,1.0997791613697792,1540,5.769604019233611,34.83397694570594,-114.45092091064997,5.6603028214259155
13.419209939711642,5,2.5361323020096798,4.674855798839333,3844,5.071043835273315,38.4009039658617,-114.41095395154795,4.3944984769519895
11.918257642006735,25,9.802745067832564,4.404659440636576,2944,5.519908482946427,38.07623575883939,-115.62437265323676,4.570846065518783
9.988443046160029,3,8.535791258174694,3.684292635832409,4275,1.0782164765371707,33.53456832108162,-120.36174959202279,4.4190354489142685
2.177959509930684,33,8.820379369967764,0.977962224148053,964,5.669293978928697,34.06746645740239,-123.27316088997377,2.728015591886599
3.2628019973245928,4,9.503721851471154,3.9914476451136185,571,5.048942643440523,38.216295780432134,-118.31181268233505,1.9441491659745826
13.57975863937911,25,2.680827888958283,4.135807976490586,1602,5.186095714793493,33.28229947303774,-118.41318556062767,5.240608855296778
9.49000683523426,20,5.084780740106667,3.9549407797145197,4784,1.4664369236098427,34.65180875130323,-115.50024232890405,4.650138241087623
1.128758722632815,34,2.568279112352017,1.0128464920365852,1510,4.693890144592988,40.352455477380026,-114.04008949053895,0.9530212333763504
2.4206016001244492,26,3.686344812400229,3.3975858068049414,3870,5.799583448210455,35.270915060016385,-118.91842693439852,0.9950968297956087
10.289024767512782,5,3.834926216301379,4.254461580872293,2005,4.392736707090803,36.880601562696626,-120.54795968960215,3.071132377626375
1.0708621738470616,35,5.7528576883806295,3.0980903054885047,4759,3.8528070231230322,41.411403351458404,-122.14098288443734,0.7668148907348343
3.2513127198449814,28,4.148497339629141,3.4088331885264003,4101,5.728148388744985,34.27149088836946,-123.95200175182629,2.0754092827984345
8.682273051132206,29,2.8078248545420887,2.5626356574183777,3604,3.21468560867218,35.8962601735801,-118.90886307511121,2.532381017251108
10.686532767697706,9,3.3399287127528616,2.8791829394782367,3583,3.9964678315523936,38.06457775543546,-118.44481333297404,4.208500671646535
10.127457633036407,38,3.1782045084167274,0.6546958625827635,4662,3.381691467471831,39.55338929503972,-115.75061520182602,3.747232129536713
4.139770332447837,6,9.784614383298386,3.375333598879781,698,5.664231106801496,41.01653386712705,-118.95423032107199,2.8509797575422797
10.970509098865502,19,8.07434005534779,0.8665124580102164,1091,1.3804236338275362,41.15472987573515,-114.83531651333944,3.156741963133695
4.3214872249552005,44,9.742091722156495,2.457565674531005,2032,3.505598504126741,39.76640074372623,-117.71916523428564,2.835183242123744
5.555595774229748,11,5.517923892063268,1.8169479395033352,2884,4.434762206927191,34.2833083659331,-115.59663761778917,1.701118516621958
11.450879671652338,2,4.226947853301253,2.954425775952709,3141,4.959532692111185,32.24809330042566,-122.51698265192253,4.4269148593222925
10.094860586661005,47,8.386345577673493,1.1003735098544318,166,3.915093237220682,35.83773930355624,-115.44663869697685,5.591586457524843
12.889127746918492,44,4.610031344329174,3.6123953088799317,3498,5.54458872060727,33.41548850987823,-117.24856145556151,3.85508224438978
10.206580492204807,44,4.395066989642786,4.077551916178116,2850,5.709957234419359,39.10387647438298,-122.29766967561669,4.610534029983708
8.956320446696603,9,3.8600479376626495,1.2350950238442042,569,1.3215961159679175,38.61130586825717,-122.10236441853989,3.725489853412489
2.3114467495932947,21,3.037431825793883,0.9694088930834697,1824,3.011852697706872,32.43971641621455,-114.73499380955779,1.5315490254086166
6.148021242832069,24,4.051704488134128,1.1548196725431161,4085,1.1172951086057723,40.36593779130951,-123.67784639549627,2.9659174927418888
4.712833147544156,34,4.842557987791102,4.447074028543257,1731,2.6470832868722147,34.48743266291182,-119.37465056704293,2.613779549002976
4.4158550073071705,22,7.391953665165843,2.876851677903603,874,3.6843410898530107,36.32227075491042,-120.86524710065899,2.794863525813615
14.622147766534239,3,2.5005187377556126,2.6026744820337617,3112,5.553974652549744,38.679337354557425,-117.34922560001571,4.020328959395974
6.503368145334646,12,3.6840555173227436,0.9802031859605942,2603,5.2327716123270145,36.294187868522535,-115.60370612431008,3.110653008254647
13.488651772479585,28,8.472189122333411,3.423002030406328,1586,1.6374986333599286,36.41287802799943,-120.39621878443431,5.387337510404615
9.83594076396168,30,3.175375388670166,4.405998163527904,4119,1.4651518737044786,32.656279953357405,-119.73097912677163,3.7226867797640257
12.127358249583079,26,4.741161172180172,4.226836411955539,4327,3.9463366937833353,36.014435492600036,-114.18082215498586,4.7042942461156985
8.03691930347269,48,8.91727137486512,3.3172461904136057,1029,3.6605898622939135,39.648478932199836,-116.16083490320797,3.4615562245928686
9.076654384769027,21,3.2394024891475413,0.8387542249325313,3112,2.3318882071501195,41.151763371865975,-115.02795869068208,2.6482777607241323
7.895247713464094,28,2.661894684945519,1.0057866222920584,1605,5.497265422769176,36.13497137063372,-119.6123777934837,3.0839583702677387
3.7334018291726228,26,5.876303960640087,0.721890441994211,4829,5.6368320473077675,36.23585826879079,-121.65923796015885,2.963325888406484
11.114329613661074,33,4.419356090228291,1.6586564742161118,3044,3.0130571917008133,39.02627106323652,-119.88136534613548,3.760610355060103
4.930813074171981,21,6.507266915870833,1.1104766022216999,2919,5.451512785567601,41.42772001105277,-116.83908082168486,2.5820240040608295
1.3404235300403538,35,8.430439123867801,1.6702161811359524,1284,2.9197444713148633,34.6706094023936,-122.90569595164021,1.50331820837405
10.03661214270035,34,3.0971879052219453,2.2327612507353276,388,4.684084159148501,36.40144206537937,-121.29530894383491,3.463575156169056
3.479549511698685,41,6.64559267643428,4.74342252832011,1911,3.3797110877386207,39.95973243552301,-123.53364099538409,2.5416271777254487
14.1664201809408,47,6.044070083118911,3.2466922690176143,627,1.6129157825359148,38.096935693740384,-119.67652261661868,6.011686198837977
14.355000078036223,18,3.1526302881055965,4.257382035573331,1016,5.639671006185107,33.10586343963955,-115.72554264020387,4.37511821596115
13.80810146308628,11,6.991987884231859,3.696581753205495,1808,3.270482966887683,38.27732735562266,-123.75336311701989,5.570425267672185
6.182221803576222,23,4.189123342886173,1.0062640873698427,3674,4.672435201612018,33.86746284597327,-117.24676473192834,2.8945174842392607
1.216392631404144,48,5.9026745483521,3.81164182868277,3419,2.835869072156461,37.10215934078404,-114.6750412548626,1.6037641705656793
13.996459876228155,22,2.658178594216495,1.7379449670160598,1506,1.0944043928811733,37.29103267660439,-121.63072138488818,4.991617591891928
6.994578076442401,17,5.676672457708984,3.3759853114761786,1341,1.5026517934591794,40.762033622249845,-117.06365159272352,3.855415160457918
14.533167466611374,5,4.451707744342563,2.0343288813934484,3233,3.4810973974496218,36.62494274012438,-114.248980988998,5.180169945898337
14.49067967924954,44,8.579049689482835,4.989525184690966,898,4.449821785631812,34.79442422235894,-114.37721939847538,5.486284145859193
12.942132376543041,11,2.4558298159789462,1.6859816577355002,1623,2.6736766328963952,34.30966348216032,-121.65070806970857,4.25456986403552
5.122284488974199,30,5.3488581993466395,1.7560871184842135,4207,4.477442295888252,40.74251876684336,-122.9966894678793,2.649401246288466
6.391368200426953,15,5.667451393051504,4.688025150030793,2988,4.49317794715978,33.71010854418228,-122.51717462104084,2.8824327357541737
12.915913401235997,27,7.80004861039295,0.610899820863452,2790,4.5196795366391544,36.258685608831435,-116.97964331517858,5.284007750801536
5.4369080721878875,35,6.594300600721688,3.635100445429386,4191,3.462609270102542,33.87173114926947,-116.74241124546724,3.7564094139331505
3.372898453605295,33,7.337698697553448,3.7639687583114516,1341,5.57443075060752,39.733040401143754,-117.25763438371801,2.104097753570776
8.795217674416902,20,8.216394285214049,4.2637035983467975,790,3.445982589903078,36.74372639974619,-120.63921612257762,2.7820667022157393
14.106166838250934,16,8.89762378926551,4.884976897873139,627,3.251325967483191,35.51143690556812,-122.30223060241877,5.304627870256799
10.744417153449621,34,4.511003973779764,4.890208636204936,1595,1.996904095053135,35.61099640626467,-118.19238908047747,3.8893525120045624
8.98085638125111,2,6.304181642911224,0.7937454090490875,3925,2.5382754367816824,40.522142067229794,-119.16319554242133,2.5729723131395787
2.3604709127907597,35,8.720864627513599,4.198276952388062,2993,1.2116724625915167,37.53773954294438,-116.71165852877697,1.7185518981356283
9.610101173788376,40,9.915609047720451,3.408394701458216,992,4.167676468080851,39.17867851131264,-119.58639921314378,4.324977537746987
14.860753901459686,28,9.116154488350105,3.4130396046789104,486,2.2426787196354643,40.970385162506844,-120.61360305313532,6.329091747164213
2.9611762133113366,47,4.971738100995014,1.0775746697661266,1349,2.5207762724273257,41.01741676040642,-121.06521422640985,1.5300237816556588
8.256615133092314,39,3.5613321377492033,3.42584224900544,2628,4.854072608321606,35.28509054337863,-121.88529679950254,3.6167182750399838
13.283223006991376,6,5.91514029925271,4.921171612705615,4603,2.6361059158072693,41.52451263146385,-121.34253623813339,5.5606626621479975
11.370760648558862,9,7.933131614688338,4.603183562927511,3628,2.210979460065711,32.24875882014605,-123.05169561155898,4.066951360051777
10.758220373933751,20,5.940552566026381,2.4760879736218273,997,1.8452887456685287,35.768355610161656,-120.53142989071111,3.995596725269086
10.83477717581953,1,5.865446906509348,0.6797658797874245,810,4.874292010909779,40.957988575088415,-123.63430187637042,4.182877809146271
6.032876117076572,8,8.705843368654405,2.130320705000922,3795,1.6485312899501343,34.746368798169826,-122.13586152833673,2.9950219346951696
5.1102858197029075,23,4.891230232537491,4.218756402202498,2786,3.2687688012517677,34.73081450321318,-116.53229555380571,2.980052061006506
12.33105617669919,3,8.878357398493165,3.656745956593247,4612,3.5346505803859722,35.02622285081889,-120.74531011323377,4.380759731080073
12.34158752550853,4,5.254438407613788,2.567046450172804,515,4.436949563428573,38.12313384846922,-117.31762983022656,4.530664231730113
13.139012460121451,25,4.625864845426715,0.7479569082147399,1571,4.166417411664977,36.38332775614354,-116.83115824402722,5.2259427716053795
13.785367735790597,47,5.631919289597592,2.421026275204862,4280,5.053603364725874,39.26734836353343,-118.18814657267886,5.349972989361044
8.158793584053129,38,8.099575669398948,2.6106122287304756,4362,1.2237571696311909,40.94910642564666,-114.41302258634602,3.830074935728295
8.021228125620794,15,3.0080162229119543,4.678499898023611,2531,2.482203623896986,38.74199374942861,-123.78560133376887,2.767645479346368
12.176132505534852,21,3.571353726976139,3.3848874661197175,2615,2.4006705938768986,34.044667201975756,-116.61347349411858,3.6418808437318755
10.099495030888711,35,9.611558605304737,1.90243812494592,1195,1.7300845279605412,41.326819023605026,-114.41213356059592,4.401543266822971
10.827536281607847,46,3.403933019050859,2.863932190028246,909,2.4458912692822157,34.644928733474785,-115.37728270647061,5.113539840269467
12.141097372105415,14,6.541818543448437,0.7972488851997204,3144,2.548826570714517,33.498942953281585,-122.32107308194986,5.055506929552041
13.460074785445928,36,6.634515733295503,4.876557060423815,1092,3.6094223096373916,32.89967278860961,-120.73179693748268,4.887678198084392
5.731932195921502,12,5.916995696401958,2.120269558688267,1381,4.31852239463128,37.633837406661655,-122.27548160123534,2.437394676215917
6.258161336959216,17,7.157961988614549,2.6504030971091113,4470,2.9055025680590703,33.13762462480652,-117.98691636185296,3.2864193898075356
2.315747157772166,39,3.8386138063809474,2.098777884066152,1873,4.597351156566906,33.387758841126306,-116.87812018020507,1.9753494775375469
9.095921973946435,9,6.421298142213986,3.5713027855229007,3661,2.6808266928978997,35.00030480595497,-120.82926230636942,3.772296743374586
1.5031918331543892,35,4.977386041975177,3.480044712483169,3916,2.4514183865738017,34.81653009684464,-118.60493426015705,1.7417579779170134
7.518372253854443,13,7.293338077033512,3.71895039738111,1856,3.7059402792851217,38.042395103321425,-117.09079429928805,3.1666036653556904
8.597024885906073,15,3.1297883469851957,1.7066445332536437,2473,1.118581801528953,40.16745279472681,-119.78660183388952,3.023807732384468
5.011577529795982,18,6.56701933471581,1.920508165238297,2676,1.3989456181700017,39.61349656202893,-115.45984469544541,1.826595504018358
9.27166564796615,33,3.4821628430665896,1.0636305399329358,991,3.0898477179326354,34.62484454716477,-116.28450064712183,4.082651894433986
1.427003499146692,6,4.229144504920291,3.4497948733075066,4284,5.714563556958782,34.4531049798598,-123.3533445614943,0.6876497475669565
1.5228746424890018,27,3.749678402588666,0.6790870730104365,807,4.607558899217118,41.65791530106968,-117.78874700909171,0.5139324324266232
12.516407849235215,23,3.462702238950537,3.1895705098555656,2497,1.4406328475027887,32.082362415919604,-121.6467444904025,4.128884556567124
6.04266897975768,27,8.605687612485337,4.413631481832352,4582,5.231590063904369,40.797205330602154,-118.42481735332724,3.4188327258106264
2.778847177126387,34,4.285660541287123,4.50874466730335,2234,4.661503853040905,33.99728519122405,-114.43111557367034,0.7587007832684883
8.311405640767262,46,9.416990254915595,2.5206699216648274,2454,4.054732628513266,41.47284323089768,-115.2093799544775,3.7143249640405998
11.779909743380552,38,9.759412202761528,2.566866596958832,4635,5.101464803045887,35.4230728482752,-119.95483596884868,5.210137514101985
4.021494384955805,14,6.570083759496779,0.8463613235360781,1076,3.0205492387147856,36.40351773893252,-121.08486141655646,2.803997946956748
9.720466661466004,36,3.144008981325811,3.5184426144936607,834,2.1075052542692636,39.07120613944381,-121.6559425559174,4.27460680031461
2.194864509912752,8,4.99638594703665,4.195667391677805,2568,3.560116945543797,37.8766905147326,-118.6748513024348,1.8591318874085871
1.7235440963605078,35,8.381858106785712,1.6009477457212087,2640,3.744208777967369,35.17939329706823,-122.85751546741943,2.0790925766637716
8.438964841954071,19,4.939125829576564,2.395853967350141,732,3.6916318600495606,37.53830915867823,-118.50724991871752,3.1812191199428543
8.568891702541492,30,2.69613774642231,4.274777015443716,4368,3.8253689574005265,39.30706884362886,-123.98666360509208,3.6481957718489704
9.924018620974891,14,6.4542792874255035,4.447042104480296,4199,5.743524591195904,32.42334945902492,-120.76150369254155,3.2305977698923742
11.165278672117262,20,8.760966811968277,1.5943099111890167,3001,5.511228115481157,32.11199305255704,-121.8006568616942,4.057273162155237
14.661929112475484,49,8.367411097148018,2.977567855436139,1763,5.378585182794697,36.580669390728914,-114.28781210039219,5.48889656310163
8.228204876216735,25,3.400985121042826,1.3662191778612218,2115,5.007084054543136,33.31836617803514,-116.72757680430021,3.784691326558772
5.521390621177444,40,7.382116915299734,0.9584544386280045,3281,5.7171405363264265,38.643442914647146,-120.50346619537763,2.729415867213227
12.132606726761852,24,3.764034107485177,4.600042256263809,4163,1.4924732083970162,34.140524562274344,-123.0715491346938,4.766485020222016
4.791651517669039,14,3.745660276417378,4.192283769044492,2730,2.3256163072286977,36.32851106795671,-118.83199405309377,1.956672436315752
7.1455998898789055,26,8.99257418644148,3.9201570581142824,3972,3.475279728272924,33.97670936874269,-121.86552118673957,3.9177993574744026
2.0983893387917236,38,3.9973516219218412,0.7194484346591319,1154,5.232672465617026,37.48483585749125,-118.63570454101642,1.2005884514142138
1.3549104078164051,23,4.1059787721440895,4.296779567196158,480,3.5258285576136625,33.16053459384569,-115.64637645821108,0.7494741928585182
14.47707780549095,22,2.0052271260903964,2.471198341574227,3182,4.740173696707943,32.231068527874804,-117.84207447898615,5.087080669367387
12.703721687170882,48,8.965352273004141,2.0407780548313683,2491,1.694799526244581,32.51131638106697,-117.66211580454998,5.350132877360034
10.743638885311771,19,8.340758505673078,2.9591436246141942,1692,2.262069064882801,41.5425844151531,-118.58969710937188,3.0425353106887876
6.725341221799779,46,7.018631480725424,0.9110895922560012,4361,4.6588804751883615,33.422862186109356,-114.72734367368591,2.907781308794779
3.426120480991841,3,8.002126111510737,3.904909472085795,2847,1.8236700444386202,39.084782531368354,-114.68097315579396,1.1361749348338401
3.1901185973952044,42,3.2163885393959344,3.1209578459973315,2489,2.7567796732746337,32.67926204222826,-118.87276798926447,1.4430534756780784
4.503400574304335,19,5.6665887567006035,1.3396554359292538,3653,2.324331289067857,33.08160352235182,-120.94240512856496,2.5715878670822128
8.689173305885687,9,4.809755098790247,1.3470448989607051,3127,2.7493084711123923,37.08876251409335,-119.40412994120555,3.3688996021190682
11.004342917800873,28,2.750212210056132,1.329118932077034,1307,4.5416202453898515,36.648709301543434,-122.13442087804384,4.150980456431103
10.242763274048238,20,5.889043881719393,0.7565107439837029,3953,2.839235905714005,41.51580309439869,-117.6365568468191,5.028242337306809
4.919074557243199,45,9.365917202741084,3.1450930221725817,644,3.7763166130397012,41.448354530207375,-118.99907664217767,3.7426716641223554
14.368113929284718,7,2.320472952405556,4.281566799148287,3181,1.4996593852720483,39.79608642542465,-122.96699522186721,4.869312779169082
11.33055683374076,14,4.331687307950351,0.5787419629432486,3763,5.025088466173139,38.0210183012735,-122.02352218880385,3.335765652769388
8.76095673515961,9,3.6603274896456277,0.720520902370731,2339,2.8494431282406243,36.54960317393011,-119.20368043800474,3.1680636925094063
9.56409044728093,19,3.9051732293255705,3.077466245091256,2467,4.242670795166712,35.561785343284214,-115.12411009281142,3.6352194760229066
6.8744008739890585,47,9.267476415035002,4.187730584237236,3873,4.626948008309164,41.470875469755555,-118.33609279368903,3.5120677598579455
4.468233853016205,14,5.744552433874321,1.9703250075588512,2727,2.048304610558502,38.02908811424685,-117.18464999791529,2.949599039305556
5.983617501117662,38,5.73039530351855,2.07326479463475,4031,5.423374924766749,37.790725276859945,-120.6097145025609,3.050063496242398
11.609845546501168,36,8.084605139642258,3.1835592387354916,2574,4.081121258034765,34.31901121768915,-118.28588606955766,4.2380618333588504
1.2015088408165822,40,3.2359376320394064,1.7339580010586615,3230,3.1436257087574075,32.46697817885113,-119.52620177361932,0.8986598300214393
2.625016967096827,17,5.898122832800406,0.6197376473495786,3607,1.9116759178910976,41.451885797595445,-117.4087008737684,2.8275016601548923
1.6440369883045385,30,5.439881712968478,3.8085283314571825,196,5.711504689506033,35.13735258844654,-123.4942443392099,1.2367113625794035
1.570203232465582,9,6.775285524373249,3.315424608236539,3958,4.775341020658125,36.42589023324459,-119.06699783761042,0.12355382016486205
12.9764481761541,33,9.996461626003509,3.113401995750466,2808,2.0401228136662444,33.14639943585707,-121.04007374856033,5.097238275375808
10.851210031320331,25,8.155591152656378,3.837578580463204,3436,2.6885538736211227,40.36924329909292,-120.73814938722091,3.4657334488966614
7.638433607222552,14,5.1829256241394175,3.5385387690291688,556,5.048371290440366,32.276318328559306,-114.39082568441938,3.371551105364649
2.3696782491140205,11,8.620424418192375,1.4264689468024452,4468,4.478388316076694,40.339907620990964,-122.17305187288618,0.7441964296477488
7.882622251635653,35,3.3656669064998415,2.08616471124508,3087,4.828921463578622,33.40285012787967,-120.88754747421403,2.59594258541002
7.62860479092792,41,2.243709490471681,1.0674956375538125,4188,3.206005511064662,40.86564112631152,-118.90107424269128,3.2815718847034145
3.4248261787402123,14,3.6355869797141844,1.0843565603804646,3984,4.582381313210835,39.29772637336157,-115.36973051850376,2.1714788070826794
7.073923089331623,30,4.723292448914077,3.5428808586044265,1131,2.9324686143195686,33.646702625073054,-119.83329916793629,2.982645094521008
6.579066281563228,41,6.084646059676479,4.363700481421242,307,2.0563145846909823,37.65817992859468,-116.56134719111829,2.555176747466031
9.621901372731031,4,6.921033124329599,4.8322966273751256,2037,4.1633851742068,35.1265631435522,-115.43625901785198,3.508340388231184
9.891311112147013,4,9.284845737715374,3.3275620289725,1246,5.880069627993971,33.782330989115835,-120.89983644178152,3.5756010739789494
1.6342561368086232,28,6.078832076403661,1.3284559551243063,4399,2.553004856976648,40.591821994111086,-120.0724981646129,2.1580883375347932
6.244576604770597,8,6.010205157005835,0.9754265545201881,2664,3.3048479610626984,36.03522766507229,-120.43443776311643,3.0130161701122766
9.76203881999931,2,2.401944078583857,4.15782937191541,542,4.370006855349268,35.985437143653826,-115.67144191382079,2.732334854022076
8.043907620121228,41,2.2792924212497905,3.1044041436199965,4884,3.7075314106124395,33.6988667480662,-123.556531380464,3.6957677261819115
12.990857776636512,46,6.4092796953309765,3.2822825945617393,932,5.217138978545246,35.830656760857785,-120.9157891117132,5.429683979895543
10.22171084266523,22,5.505428905986756,4.016579399396192,1561,4.808713532347579,40.716168463288504,-117.2059144240487,4.539631906788576
3.2810819791400156,41,8.713443159842388,3.664747524796032,3616,1.2914860193117852,35.63128710489636,-118.34556500434657,2.8610221868357293
1.9879624636060178,16,3.2854366776947614,4.255062137852435,1259,5.99210616961887,41.51603562499788,-119.63710640706306,1.3056771623974774
9.99386989488842,29,2.199773296936397,0.7529625745694531,486,4.762012268597337,41.463088992083875,-118.60051772778615,4.424469908767174
1.3711583475827054,49,5.592310143441007,3.863842865359272,2141,5.319516581470566,33.44898659307346,-122.02415414171682,1.7650887161297493
9.200858137828487,48,3.89982845401806,4.328837407949429,2653,4.255988560476732,33.773112535226446,-119.6928337839199,3.5072481883833446
14.163223379949406,30,2.3969149867106996,1.7876076910624146,1818,5.281425640233811,40.62674070331889,-118.98297015823651,5.099697997449823
9.056638490262305,12,7.796786294781032,3.382012732969638,4875,1.5619148746435472,35.92760918924719,-114.98810878045398,3.3898623878440386
6.434378966891307,35,2.89274399965798,1.9137292872663745,4150,2.738689177796578,32.04373982283009,-121.39164837196023,3.1259999002447216
10.006035058192944,11,6.8665560000621735,4.810869799171043,3509,5.382104718022464,34.73871819705371,-115.32171497835067,3.6988946449946423
7.415540466881232,46,4.248398001335113,0.650406075959767,789,2.008276056334461,37.9762899319556,-117.55758599174018,3.738450072610158
8.638635050423089,21,3.387968402840176,3.1090677972482976,1269,1.3912104929001137,39.99265965959968,-123.79659168932399,2.5928765991007725
14.180507322871353,21,5.03801218335454,1.249265961722818,1052,4.940594699726095,33.333886170932594,-116.75368663100606,5.369633384788531
6.40543692921084,5,8.41156620978363,3.7049909232972142,4979,5.177430778216481,33.105413644167356,-123.64448122450945,2.0349267601496495
14.4566678935348,48,5.1367486152365815,1.2915062753839794,4690,1.813261090949503,41.220926535723315,-114.02618873186186,6.226980006582574
13.674908987384892,20,8.006157193688445,1.5592246785426092,3596,5.271729913913577,39.51148367822583,-115.27363312308802,5.706754369951701
3.74107588705015,37,3.0038903743932055,2.7246686497059116,4017,4.4338389779858485,37.897796007780784,-121.02656252459954,2.200455437372465
1.9710582122523164,3,8.182171357320634,4.616757274985951,4942,3.6004134160829198,39.69186789995928,-121.42588769803295,1.3937401898347266
2.410892019283973,44,3.895466599253189,1.4527146746658688,2584,5.151250963906925,36.28854361306638,-120.18558917894391,1.8083504966707575
1.2551055591216962,33,7.419145039110982,1.149080095031466,1954,3.096246246594829,39.584557473091266,-120.43833034685557,1.4193778310808456
2.3222014505829973,9,6.526252438727971,3.915395743343138,3539,1.969969781116986,35.71802991274536,-120.27662181614619,1.3260262891658505
10.562094827828997,9,9.433157737693499,2.7527878955026894,3331,2.424263383053068,34.440945724926024,-120.8172345388052,5.1456472881475
1.9966410784432058,4,5.098580143802512,4.603033005717971,2697,3.5258200914665743,39.290134212929686,-117.78866593151669,1.0733581460213255
5.4656588241126585,35,2.5293215106755236,1.1597655072192903,4083,3.6566539633658786,36.196722921572686,-122.35736336279376,1.8617669709156002
12.828254353572364,17,2.1532438844100232,3.406675518603677,2291,5.027904132206168,41.81377104326195,-115.54018707553988,3.3792874354629574
1.3258071003015621,34,8.614868487782026,1.5479561576831677,2735,4.956763618261672,35.49485182308101,-115.87597515968685,1.1427939952394093
12.402558756245101,24,6.197885101291457,1.2054219289323769,756,3.9068327860228744,41.21727420531066,-119.2351679214473,4.571486750421826
4.945966846827599,32,8.201952414679594,3.5754323682077174,3912,4.903927416827382,41.329625485670796,-115.47270034721453,3.3981132192890255
2.6543075867031876,1,3.8754048000921175,3.1715807895892993,3440,1.958867291468355,34.418529470647464,-121.52854929969706,0.5335118233563563
10.75432031509811,8,4.76066996410587,3.8967235626304904,4011,1.2503226354664716,39.982211815880135,-123.82434544296034,4.378400155106242
9.805199854918376,45,2.2408309776905515,1.8925815940078206,1896,5.368169113173501,36.33074505144565,-117.80792074970176,4.060738170412464
13.28460818937874,23,9.691938596592898,2.515872453719855,4463,1.377772468813848,41.17524727230348,-119.42090593035284,5.5305045279260785
11.290994613254401,47,7.342943253606507,2.3246225434868832,1862,2.2334421487199867,36.50124272635239,-118.32835453704129,5.173381376354475
12.24873302538788,40,9.465640702074449,4.928402587849314,4572,4.476594748121923,39.44303717337366,-115.00660590981597,5.470096496783532
4.948484015998291,12,4.123971259432579,1.8151203053272456,3385,3.0472396881365458,36.66967409163798,-114.30074426434057,1.8405035714653046
3.4841536129161197,12,6.891708889805287,1.826677572560451,1685,5.381569849577544,34.27800755712856,-117.65546860244397,0.7158752996197715
11.508606522972016,46,7.4279997463411025,2.095466939728733,3663,2.4898989733113477,33.99350128944686,-116.35944410147562,4.716430073306459
12.295686349741697,47,4.5403976020607075,3.040673365806447,2540,1.0593567333467964,36.254311942563454,-123.16191566512836,4.4867724040701695
14.867071988009426,15,8.78487388012504,1.6354523491868536,4684,2.5032782028037204,39.55494657014215,-122.39284415108494,5.712117608808128
6.776647476759971,41,9.577291703201983,4.6188047317067324,4917,3.890375245924158,38.05071485180767,-116.66795195047024,3.689402635508022
6.208253201098964,19,9.078840941568036,1.6955850418981857,3200,2.879691877016467,38.88629289900543,-119.68634543611998,2.9293909908489706
11.869781450387956,26,7.91253580751498,4.531170792020876,3344,3.674363778793776,34.823263507319425,-119.54034729595594,5.523391966301884
5.77124956354225,29,4.219717437799632,0.9656377864096309,1140,5.3829905941750935,36.814353459576054,-120.91392318364564,2.364700417208834
14.030602558449907,22,4.252928336845054,3.4545321607984354,3227,5.5624252711518425,32.44395264969327,-117.92643616522255,3.7888803244851106
13.017778525802164,40,9.706882563568303,4.581434832972096,2373,2.3298703232705607,40.17532415958121,-122.14834954583797,5.506678409151768
7.005916383250257,21,2.0822759674855362,1.259372472792033,3729,3.3107023663495037,41.898921622398746,-117.73083720686104,3.261631374131003
11.512194949080964,38,7.728399785937156,4.857471320446647,2214,3.745720076207256,36.06879062624671,-122.2620114286476,4.887205336097059
11.563600237185552,20,7.649969300442097,2.5379751218698026,1777,5.7455622844412355,32.10963653131543,-123.36173965290287,4.328858998036864
2.4437341637030565,29,6.98151632759838,4.75571798798461,3194,5.993086595821923,33.69792639550948,-120.69642311300939,1.89370973504153
13.635740693513933,4,9.920870768694925,3.5456901963352117,1098,2.177036244207633,38.52526877750419,-121.68859657990153,5.904978057261664
8.07353321427,7,4.495035486109802,1.8571409144309818,2384,4.634899356729077,38.12079318203859,-115.11008361443668,2.481142453190089
12.570404525508383,28,4.719774910345985,1.3473613621269789,1689,2.8901553111659757,39.878647195855436,-123.45046546131374,4.751167372682891
5.480694414428564,28,2.6315152235724444,1.8668077080129473,1261,1.040540984431066,34.53884010961068,-122.23386307425878,2.7089908493654766
13.537325198946807,4,5.5423850923499,0.9185783416820374,2620,1.0462626121795118,39.63631915547134,-118.5128039441695,4.776450747167729
6.448823502278284,22,4.088388209878785,1.147405848544984,3955,3.3028300378112787,38.8798402152367,-119.18932809152527,2.6021820496214816
1.151727120724177,12,4.747093617421154,0.9709719815591651,4748,3.441674565021673,35.228144977138435,-123.54147981625299,0.7985159656605056
13.67534766986969,45,8.67657432204502,2.4032459468370098,794,1.1128484828672134,37.45488148056962,-123.92747571984856,5.607502198477667
2.27801347500587,3,9.483876108219967,4.080102693159139,4512,4.434637083871513,33.47273808498327,-114.1193205803885,1.7538026813771337
5.470390926265808,22,3.485864576041485,1.1362259939735309,4963,2.4700169429747656,36.525645034355826,-117.41165299641162,2.6097786167146384
14.30086753871127,44,4.980071452427727,1.0864419492755115,3898,3.799465507679747,40.81197339555641,-120.34593869098443,6.661304601316649
14.308500057125785,2,9.429044496923153,3.3954302728279884,3783,2.504595365827094,36.21191379825391,-119.29567752336759,4.337288196195493
9.028130433726005,24,2.494467685513781,1.3873234188562982,2071,1.835671574346536,40.39566706475422,-121.33449879545714,4.247473072653665
9.84572097037719,34,2.738884224891028,0.9392451714904622,1603,3.0358686929943763,37.902533652596944,-120.5512621630679,3.7584042903154864
7.278237307696477,27,3.302327913649835,1.2508186019250993,3349,2.1613668239525037,33.918767131023564,-117.50955532731786,2.9458695428836146
5.104950803772903,41,6.761702673014998,4.656791281445493,4318,3.67400488459584,37.811062446978966,-115.17188201132629,3.224182511940764
5.601303635178823,1,3.2037781680479798,4.196620637492859,3342,1.9941426514323997,37.059833291570634,-122.15869976918815,2.237142080563789
10.415258385078538,8,9.744611051605869,2.0932905305979235,1968,3.5420298832231354,35.98641335196384,-115.59638494614681,4.732683111111759
11.53324341212752,23,5.573716218068163,3.4511934529732677,1771,1.7868925743443378,33.1963043951607,-122.7844337048173,4.992173617256885
12.08210661216188,38,6.012143682801331,2.9177405315061713,1182,4.354873547428925,36.1670866384723,-121.8500777641161,4.820043827711399
12.054653999123754,6,3.973268926443252,3.5470591856715377,1828,4.76968842220712,32.72762376239627,-123.62824711950354,4.650185573489898
2.276885442681665,22,5.767682019477868,3.5720201860824172,3951,1.5519711712496689,32.98769051398751,-122.59188137907,1.206654732387316
7.921884265836141,25,7.295309061096092,3.329303067769968,2242,3.339012060186696,36.15916532932716,-114.82696854535949,3.2869825446109986
1.80582264023302,18,8.009417095632342,1.6974561584178887,1248,1.354358503274368,35.05381481968464,-119.40561253381621,1.5268081592208262
8.693404352532298,17,8.030944661679303,0.6755288934326815,353,3.990912227710012,41.255443258622236,-123.22334138221646,3.4540245208077183
7.181427019227279,12,6.623128901552707,2.55005051895549,4202,2.3220214896482267,35.75705805380271,-114.40273161961039,2.959166632148617
13.427858558616197,6,9.234878199950858,4.509382481108167,3642,3.638122284193539,39.578581220721,-115.21007692241349,5.2945886244782425
5.912810175729102,26,8.539262778448876,3.0627376633335914,2875,3.587305046921456,37.30247526366243,-116.45317479131859,3.320305436122762
2.638938229986482,27,8.056384917589003,4.245759687658586,4737,5.621771730969002,39.04085668642335,-114.66527208052442,1.618439809767779
3.001883548739702,8,2.444844173443685,4.962309543325526,3433,3.7454161128436145,34.60115983015399,-121.79870579164236,0.7091736472467797
11.661148844044611,19,2.0550236977571945,1.2362729186222432,4284,3.914992398591578,41.41904972838329,-115.63630706989913,3.594359879188357
9.655052886427654,42,3.6995782175637837,3.6129993761389203,3379,3.0082656288219014,37.30088496914424,-117.10008803645694,3.97021963003663
2.415717465719063,1,7.308188751307618,3.534321081650111,4408,5.745398015914084,40.3132407128525,-115.30240750432311,0.5083963319927658
2.177495285609964,29,5.2895799110603665,4.909799513112253,2981,4.885929547198048,35.65045693476114,-116.0308843425737,1.0714164017073453
10.81356784042768,45,5.219250074394494,4.935203302787602,365,2.427026451514208,33.002113490505245,-120.53504936823175,4.189824658090822
2.0186820890987094,49,9.07669510583691,3.5900537527585827,2440,5.22104792888116,38.73711647720849,-116.25601462982745,2.841456928606551
12.506040830064986,35,9.16450278505471,1.5962665639198743,3248,3.16198180092545,32.07759648337424,-121.3754369701511,5.222364063743549
10.887391180190948,40,9.273402112428686,4.093501271587696,3459,5.14333571766797,36.75292976565508,-120.71407836971945,5.291811993953696
2.1388829289865967,14,4.511024612120218,0.9816311039496715,1104,5.11444034146751,33.92801902666459,-122.92094282777023,1.4174731813060044
2.187727997192687,35,7.528446501914094,4.0131468687723295,2194,1.944350933814272,38.27375504435362,-114.64923384019531,1.671356123000812
14.812954099016457,48,4.173065450194957,4.595882558651134,4817,4.505705656917884,41.79419873137852,-121.08996636599718,5.374827697073557
6.239791140585685,45,3.5248786645955983,2.2227502764579588,3371,2.4532148465326555,36.64402906320646,-118.79377534828548,2.430258635523199
6.188990058936473,20,3.4770596587789537,3.337858827423862,4622,2.487463349963341,40.17498256525667,-120.08667163533808,3.639101005036233
12.379193941605036,49,4.736860966908752,2.435642294435718,309,2.4817403844029036,37.07784186951121,-114.40071879416499,5.600918440206821
14.261480083374021,13,5.439660958238574,2.469942747446578,987,4.627841237799741,36.95840031104024,-120.64950829061517,5.260775771192501
14.804014893520193,38,8.647593368440546,1.8966690009865403,253,2.1491302089626805,41.304234931787775,-116.21454178577311,5.319475513046777
11.547294593625182,49,2.9591287477816968,3.929583292026461,3693,1.0045291762304511,40.89965868746681,-115.4458384536882,4.317809043911336
6.2676341974328205,46,7.8794067791591536,4.712794538749273,514,4.576184267413165,39.858004651879746,-119.64393502519034,2.8649243713631867
2.1690100337813627,49,6.251639313514443,4.733378866555075,3524,1.8559237191756264,34.96255753316784,-120.21828185547069,2.0829821146850556
11.880056822984114,8,4.30356274140794,1.2865157819372022,1384,1.5224119765391733,37.4500841572394,-116.52254179067373,3.6263939049738485
8.817659496301271,43,5.942556676262597,4.436346423454547,3248,2.187580602970301,34.23897233305685,-114.87104019693766,3.5425909051191895
6.939108129457668,20,4.399536558216181,3.8184414864220497,868,2.89950261161352,36.4391669804654,-116.45068266927761,2.2801865446683385
13.688961391326304,33,6.768655641906448,1.6377683031063017,1082,3.3795316373660036,36.842130657597906,-121.72873634408134,5.24178890405115
2.556764752286119,26,5.470751382841954,0.8027807581468155,3302,1.222850203563154,40.31640040169331,-115.11692252562295,1.8296780162810928
7.8967514600720286,39,3.31524423263103,1.7059877009797009,4774,5.852866663136802,40.96028365324993,-120.12418332563166,3.288619504229236
1.158951026743867,21,2.9326645964455738,4.604937065516865,3626,4.580315267097791,36.14620062396478,-118.23770588222065,1.5971581470976872
7.561248987917768,49,6.373565456577041,3.3493040370309752,2887,2.6159703266216807,32.177044450732375,-115.68564380707289,4.123819492408055
1.788245859545723,42,9.219304266288827,3.7447459740404234,2310,2.5934862864269865,40.61773839789355,-122.11605232599507,1.719650486491126
2.6634508277530067,43,4.751661492461484,1.6571855799909314,1138,3.242712746842297,33.74278678501361,-116.15489864322447,2.214144959294215
2.6453674548794686,41,7.864000857780986,3.737246700086691,4032,4.131224113815165,38.21881963890394,-118.03837202089322,1.8628174362059557
10.08894422962489,9,7.269290839518136,0.6265467782506569,641,1.7318653329448388,32.24970900434131,-115.06658358172392,3.704723049786404
11.444628309715926,24,9.452439314475848,2.188946055978562,458,1.9446490688247615,35.99506475260564,-122.28029598156456,4.988783723201454
9.167162711360234,37,8.567848138393128,3.3203900684404903,949,5.297172914167755,41.8596030211535,-119.79317762959072,4.5137391191173135
14.470415678643587,49,6.532842071243704,1.1574345449359411,4622,2.281274619445363,33.00693601103803,-115.67156907133162,5.622821176326152
6.248188113331857,41,7.2562439858728585,4.203516085011206,2644,2.9009749898758876,36.236931519996425,-123.80768296543239,2.6574702349435277
4.99996920794605,17,9.187091732672279,1.5576408446536338,4681,5.356359254750585,35.071499501899524,-122.87798633234357,2.724669642280527
13.160387794652443,24,5.196150276695478,3.4352650076830082,1931,4.315739146999112,41.05088123388264,-114.09434787243265,4.993279319972102
4.130341739272337,21,4.614357646862219,2.3233871415889835,1572,2.708559396708442,40.69340107907355,-121.1960582140965,1.6852245140801112
14.485115552168558,39,2.0864886690815707,3.1821961796494125,1536,4.4184977286231035,34.37698760306229,-114.24456806276046,5.583350982359053
1.1701626456574288,41,8.612408593531715,0.9835274868300865,429,1.0984160769070686,32.81187787050431,-122.17468448991326,2.3027597803416158
14.578303573906947,39,8.407845603226919,0.5761075996472329,4454,4.678213300056826,38.27138394061117,-120.38905556992664,5.639034734560612
1.6042387673080656,13,2.835636144801211,4.5930399232113555,4338,3.4350802025811973,35.3636871188371,-116.47130555496429,1.360264341441555
13.476003591772995,11,6.614859049061602,1.7133350394523226,4108,5.065910736422306,38.72084390606063,-117.42221592761821,5.418983872624189
8.387815527208197,46,5.711853585335099,4.188546512512065,4822,5.773188260032342,32.321197560678144,-118.18877600070944,4.831936743882178
14.901507145670205,19,2.9496727640728917,4.997076352124901,1488,5.628942747472841,33.333992351774896,-118.70100824194992,5.751445461493993
2.033151906295584,11,9.844545816485788,1.4514406609951003,4285,5.546325217276704,38.863722327726435,-115.5655955633526,1.2905215092253906
8.753959981618491,13,3.7175670997068435,1.6932683353251001,819,3.560849779669436,34.12370655302498,-121.65051437166608,3.6357725481228775
14.570235498667385,46,2.537873440724489,3.4828690443559958,3335,2.80071057069469,40.575876757624016,-119.57529073006482,5.81052918974952
8.323369818382083,45,6.758779036015277,4.844518855702796,4676,3.325176623653364,32.58590887710135,-122.44547707843543,3.656421306619578
9.811580933893676,1,7.910933417064261,4.621164566858347,2231,4.449480016566804,34.154819827855746,-118.04058404269296,3.7509717575646278
10.74048164578464,40,2.2595475683774957,2.762939840295132,1200,5.419988884355933,41.98560248485069,-121.4945557572868,3.1711404334464763
7.363574906748825,44,7.269741109816177,4.077996271370261,772,2.034931515000598,36.33076102586793,-120.66157935656614,2.6594539354912685
9.785813121176888,19,6.2583350076116355,1.1108563389495547,616,5.590965792308515,39.029656635446436,-119.28749283376472,3.028713649933078
9.180400366923404,12,2.8261200710003873,4.898471828918055,2632,5.075901159849446,33.82663048857014,-123.73229414296873,3.2264369864445204
13.616212146873846,8,3.3801910155708965,4.8395895531619395,3770,5.894280075891173,38.098687349855375,-123.08062064079162,4.559157833921177
1.6362493247804102,8,6.543794378528644,1.2367803104562693,881,5.401258866408436,39.26106068369418,-117.14070779291781,1.106473163176964
4.933484654291225,45,4.370860908106307,1.8474040616139797,3623,2.399686648459533,35.14476635866511,-119.71030019282493,3.5853458483969316
14.305760777071821,12,9.506525829210528,0.9506974887804511,3658,1.5297795567202384,40.28897111975878,-115.35209778000105,5.928383643058219
13.463692974472828,48,8.549921835872407,1.7227291950418087,2486,1.5612053599579432,38.034175784722834,-117.05327996355801,4.968807023782083
7.379194538999981,33,9.868537652109303,4.17180105236843,4882,2.4561165928913806,35.8912300961503,-123.91899058352678,3.566034971349792
9.681856369221514,45,4.077366711603312,2.202420232243668,1689,4.070918619922696,37.576423933431585,-117.83287669232865,3.6323299122239496
4.883336561735858,26,9.757789062383816,0.8977863521604127,1601,5.021601630485863,37.76760847435924,-123.06275133940284,3.122888491511873
3.6336962361326584,39,5.449870958332463,2.0400148615050706,3894,5.496251534907824,33.65535292693866,-116.19066820209505,2.297805761215104
7.491777669159751,28,4.780150362510037,4.91622500408576,4418,4.118766921846164,36.02732369866966,-114.08492311721498,2.598247899841419
5.946931192364739,5,2.402796215754826,3.333576178666413,3180,1.0281565637402688,35.434305880194934,-118.68801205758488,2.804916435615552
9.171185565912209,8,2.422122062876821,2.3727242588277098,1176,1.9315838825926677,36.00902722579126,-117.1722049980587,3.0636301170993314
2.088284917509788,25,7.5360900475732375,1.249423310737715,1200,1.4986310192668397,39.61110588485258,-121.62685839105248,1.6096035447382537
14.641527307326331,27,5.663431955472223,4.937795587776627,602,2.81662237784505,36.82538407466673,-119.62402256246206,5.125341633626138
14.80695042271444,46,3.8121730082888456,4.1938205416840795,1439,3.5067549681687296,41.403161532392645,-115.43904667763616,6.342945423663327
10.774263996276431,23,6.911762450601861,1.7666478610291372,3985,1.2169858928928043,34.93676413358436,-122.32577052253748,4.7507603708086865
8.505349128817684,30,4.022864946000889,0.8153091307453526,723,2.7423898789782766,36.15703578284929,-121.34464394386238,3.431950222625568
5.333386628008588,45,6.621054034755381,0.7548150081990112,1986,1.895898373126613,39.86956810479042,-119.5456632471397,2.6283358014183533
12.393130275897281,47,4.873669975861523,1.0417016727749022,3450,4.23535083129437,37.4602459332075,-116.87751108155986,4.675123427636802
10.58623641575431,23,8.588417812894551,3.1134586262648973,1150,3.3213618466217003,37.47028146424448,-120.24116045204326,4.097968469200153
3.276637150828478,49,8.565569286134235,4.679435395424716,3872,3.476588234669544,32.533401630051834,-114.72267720216996,2.839159183698508
13.752980582913795,47,5.818803184979211,2.7353454260269303,4016,3.1384589401673053,35.985996627184555,-123.05542948731281,5.889273172564068
12.515521400924365,20,4.806552874680125,4.293254671052887,4118,5.780098552432835,34.70733732421733,-120.29195802455152,4.057878394705157
14.297198786086936,18,4.900478372472756,2.506489789369135,1429,2.073675625607816,41.993351228311155,-116.91045876571579,5.414263075290651
11.16007311743704,18,8.445716205345743,3.6886259559552137,4214,3.5833212992193717,35.0835507063231,-121.74013234338507,3.9138543139838764
9.587812743101058,2,4.625435862380896,3.793427317789254,3467,4.68008684182668,40.84496534793863,-117.43586865770327,2.883329216296184
6.855402508068664,4,3.672474989654768,1.2828366765650239,4051,3.7842220656728127,38.76233735040478,-122.35783041772655,1.7149646572050945
14.058198766956185,30,2.6775067350024546,2.125472265391153,2597,5.6451044285840055,35.40916409192091,-123.44019715138313,4.239282817225848
13.124894453005718,33,5.733544967075267,3.3678597044211074,1673,2.8898417782064207,37.43534378374124,-122.78984283251351,4.542716166989919
1.6330613814866517,36,5.857056791358735,0.8181347368296479,2734,3.3183790288658903,40.405358799491935,-114.70015216865865,1.7418514787957105
1.369137642961528,18,8.727269683223257,2.1269308449333044,2868,1.442611576073642,40.83368298030912,-118.48249117060449,1.0401310286587238
6.270487136292695,37,3.769909571568512,2.9065975982653662,1311,4.044995555259643,33.60393875006145,-116.0365422452035,3.6018493989842444
12.347746630945661,19,5.047930189347199,4.9830102187008745,875,2.4410598422405303,35.395731412081695,-120.6734549909495,3.8737180041188948
14.821865810409223,47,8.467245911149528,2.635401031800983,1260,1.8015451975778443,35.35223180213572,-118.07341352114554,6.19348748389838
3.1058364754493946,28,8.588988885991789,4.172255407014456,2483,3.72265646452254,32.42044796075945,-119.05047866295008,2.8021585445096084
9.317830014929893,40,5.076888607830146,2.44430278279978,2754,3.661551316899553,37.982377598518966,-114.54262040597706,4.02707902825887
6.332471992834301,20,5.672992186293447,4.08375825178869,3640,1.3793582061202376,40.54820052992188,-116.52425363945889,2.4808949918056897
14.578801569404444,49,4.426287126794263,3.179366607290488,4797,4.491077267472364,35.81574387825518,-116.69457368503421,5.710805146413013
12.789664923899922,33,9.460439027354496,4.489679486760792,4735,4.118860953254265,39.40035944984177,-123.53646730565721,4.937592073537064
12.73660186595593,12,2.9491501259326425,2.3492414855754946,1195,1.945086413732486,38.2770041360074,-118.50330330996309,3.738028901079921
7.561704237129584,15,9.46999538401176,3.219369889196655,123,3.347174310770219,35.75648735493001,-119.33008546098185,3.660895458097453
6.807473032727312,41,7.470931614682746,3.3350840627847234,4819,4.6016145823928,33.41059799492297,-114.72157733393806,3.1510251296040104
4.827699007029887,39,6.2525772214938495,2.3782232381021298,3656,3.6471787027063827,39.093238527759674,-121.42658011810468,3.203032894118458
1.7892569531129796,2,2.261272486275967,1.1494041965936668,1179,2.977445380917851,40.5456516894124,-121.30166546708905,1.1435655244952638
13.106113267570745,29,5.804769534576066,0.92101733110551,4418,2.611692290404718,38.85854492401492,-119.886537511185,5.129418321861117
12.380614127821087,41,5.261984840021858,0.575021977698349,278,4.051969333220268,32.17878484034818,-121.56630286593624,5.517074568007673
14.996047426005829,10,3.2897504958009804,4.430904189103465,2947,5.695543491551203,34.16232894390991,-122.7081608219125,4.534214458917258
14.952915719034674,2,7.251276828005255,1.5641371050741255,2060,4.3587242023874175,32.694799848835316,-115.425851533492,5.564683996084727
8.776043878436784,11,9.769207258946286,1.4517803717679563,1573,1.3737295181815776,37.70386099576227,-118.41723475596083,4.146431319476191
11.765823812527147,13,6.497510488516201,3.812159301917295,4988,3.3034248674106688,39.564776788404124,-115.38637281043434,4.098179482891441
14.226720218353993,10,7.7180262115515665,1.9400725088932629,1312,5.454120657553138,33.105791870686595,-115.68865234596304,4.927955366667109
12.89506346948376,14,2.5476036205281343,2.7772011158532646,909,1.4723121290054344,40.38337820593385,-121.17957645210329,4.428933620019012
4.462873424404767,18,5.341335966535958,1.2312997938385533,519,5.944378560687717,37.555089783954834,-118.52262555675726,3.1555528618639848
7.307617894341309,9,2.930867881315967,4.818855746578862,3759,5.745346968227107,38.89969012141725,-123.1678229725993,2.308311638443295
2.8082318121209298,39,6.902366684292083,4.332116300077568,3916,1.3913724036493793,41.71401848608646,-114.84748115969242,1.870714210414922
14.356714381622114,28,9.507857265713238,4.3870533033425145,1378,5.6670666022477745,32.83680988247697,-119.95737284934847,6.18764477667922
9.48644488231232,3,7.294221859773108,2.330481868574023,2623,2.815662951297311,41.012240229777895,-120.06323816110978,3.55289783509198
4.200999277048478,20,2.6144243865153722,3.9306254616822778,1540,5.223545835379313,33.261026959874094,-120.97244629382047,2.1582214811742677
10.403809581681994,6,4.837329639880663,1.1474426992540108,1440,3.0919166885663576,35.929588066366826,-119.39336255289297,4.404819267287525
9.653795366410542,27,6.405307035526812,0.5387855116630113,2321,3.2042755635125793,40.51438696331114,-121.48240613454551,3.09621809485778
6.014278052459767,2,5.225662049066018,0.5898781966011266,2492,4.171215454887713,41.06254236737868,-120.25147727203195,2.318565915090014
2.5898062907948063,29,8.669152083801379,3.139707818320522,1461,4.872387096379917,37.06371673545145,-116.00052951415118,1.9519698530446667
10.402024738299195,38,8.517368037679914,2.5492770736157335,691,1.1689457547412432,37.94104638275425,-115.65744496414828,4.12371498785442
8.284307812653106,3,6.8946481608257715,2.831069070088339,626,3.9657799776356715,39.08147334598557,-120.95817522371483,2.133886660943723
11.81245748429895,16,4.987663561061642,0.5335841318774873,2603,1.933664970486855,40.32758668452714,-119.30985569447212,3.5400753177883035
8.282289015567908,30,4.042690990105953,2.4020897884584156,1392,2.729747589316015,33.21511169537666,-115.26180223719948,3.421035705192756
12.930541004459561,40,2.8469945457050345,3.731306725403874,1754,2.7398433307760826,40.100693082292274,-123.47326668170302,4.510278404978762
8.726695742842796,2,4.839181467892432,2.4921216588534616,287,3.345301701105768,36.81276150511617,-115.10855038004215,2.6164039932395236
8.853131601495408,17,5.305380137661756,3.794986428405,2858,2.6706820593808667,36.50623425108169,-121.80815654347668,3.3839418626519278
13.273150437216831,41,7.406583400832589,1.5485853397857565,628,1.5368055922533388,36.238997519969985,-117.21460755785624,5.119100679070984
6.648760126973558,12,7.265278594380588,4.159139020167764,533,1.728143692627257,37.092115852460424,-118.174483036154,3.398289265911039
2.87621319830897,35,2.5608651171300556,3.1479405820405355,3612,1.1671899278054885,41.450505533946036,-118.47059251810748,1.3511113225100382
1.4029574683867456,43,5.162074523449262,1.448433947434578,1904,3.3512454266437715,37.482037727921515,-115.40639775247179,2.4773337554755033
11.571921579430667,1,3.4542309377388953,1.5652421413422481,402,5.772238474264943,41.531775382631395,-122.98427856355339,3.743729594512026
9.684333718948505,45,3.2545016425344455,3.326137090562917,4282,1.5783761182405827,33.80290130615641,-120.52971974674364,3.638493628472328
10.85711675338913,15,8.618417197897967,4.234728169455995,537,5.73132246501541,39.241359788326335,-118.61747253655234,3.8449579585631435
3.9814982611247505,26,2.3353217337300602,2.370325019131198,2688,4.666807573660468,40.122395386087476,-115.8871114605396,2.586362528319393
2.9092006582147767,37,5.353463007216971,1.662351931074165,932,4.187494014670816,38.791288313348616,-121.83556916588329,2.4129055916102464
1.203625319350347,21,3.3456292461321455,4.4015522310977016,896,4.2263887766178145,38.0692228022654,-115.97070158625723,0.5158638174067248
5.908225823292358,49,9.034641725427793,3.511707312878757,659,5.13363824198141,37.64812781086182,-120.00361517506065,3.5398848379988537
9.258847615964862,31,6.456324106200281,2.5163846927738445,3688,1.534599321899107,40.609304825786964,-122.11086143566304,2.738128056430624
6.491416631396253,25,3.851045091014784,2.6955508787568583,861,3.5237716178277085,40.216465971645,-116.41013559556518,2.0319497952765135
7.124648908332206,23,6.019418297331011,1.4191541057137838,3674,4.485455691303793,33.222887211806,-123.09101098525453,2.753234462360054
13.658221722912478,24,7.8518908776249265,3.320611835291798,3885,3.9341022253678184,40.48587657030878,-118.85232625924557,4.809216381071389
5.875576538326205,38,9.664944071355471,2.1143412974429987,2614,5.163895355116473,36.140686194404424,-123.36124216138111,3.9899576638012615
8.195852848237351,28,3.7635680339633515,4.980403295034572,784,1.3613585450567576,34.536968299958104,-120.43582144842212,2.18899915674541
11.971142178376002,21,9.08945417703476,2.660825818678495,4333,4.453505197495829,40.69768568013926,-117.98923200993607,4.0733435157401665
6.551598952497782,43,9.474432913339921,2.686485227853259,677,3.6701386519235886,36.320247996337415,-118.43884458512787,3.864795957335849
9.709213803190229,18,9.331364356256529,3.0463330433480236,4905,2.895804319899717,40.08364690176816,-119.95344582095333,4.1687200810428555
13.073091922454433,36,7.083314854895279,4.625402014034361,327,2.7013749111701544,34.634036119558445,-119.70952006027885,4.944103543733461
14.293288731206989,35,7.0385652354776616,4.103681449368876,2428,4.104163163870965,32.03929321422218,-121.73230446649234,6.512903534839869
3.059028733006531,45,5.225685065470582,2.5300853140902864,2831,5.454976873221324,36.95459192902945,-119.44117411575897,2.522476406678501
13.972226752260921,9,8.019183058430304,3.734146696877582,927,3.4808796305055765,33.002282566428846,-114.46745144279166,5.598291349505479
7.889628103113535,38,6.250352146807455,3.1380597445134275,530,5.1236158203846,39.543759555249096,-115.49547082216209,3.569620599172577
4.615421436185417,30,7.419504569826356,2.71565171915562,1163,3.010781909219838,34.7607513606941,-122.54767130923656,2.3190032301070747
7.4279005873356585,44,5.427663230790364,1.3654209775295774,1809,1.5119723139658827,36.436456466034784,-123.70219212679079,3.3168007617043775
14.720456053996678,34,7.8519717123451125,2.5877131855470092,1334,1.3075286822931926,32.87033565091554,-114.66475687283369,6.215780783842432
7.896653315900174,32,8.595772140836392,1.6061836416015858,401,1.2566718566183879,34.86659248447253,-118.73250250119253,4.174638195625967
5.602522544025115,3,3.171490052822529,4.616789674332446,1520,2.90075070978835,39.81490243258572,-118.62162176850693,1.7177622185311043
9.86761196043416,3,8.663437724593823,2.0093306607335615,4728,2.68618875417921,33.5158791190232,-116.19282004293478,4.021952854867462
4.362038662894703,28,6.322372254322458,4.785188065400176,868,4.589685118112848,38.47159561126958,-120.85311026128673,2.7428984480392553
2.062086593521295,44,8.757327272721795,2.8987488054262003,1504,4.714107507924329,41.174258528045016,-119.18092431163998,1.9474565251661136
2.804316106749089,15,5.450413650728117,3.3419497040427215,543,1.2542698441686992,38.798367597577204,-114.31337086853263,1.3475409745332554
2.7926417454088144,41,5.03232388306428,2.943232000201975,3204,2.105616314445075,40.11021689292227,-117.27851313067593,2.237183562746667
3.1266377091721207,23,9.32048586013778,1.0822127763501541,4455,2.3713092507944986,33.08971629303916,-122.46254968004214,1.3815991311315692
2.943580417091742,40,4.00935414038721,2.1911954855357343,3405,3.738059920714047,34.50731826002055,-122.66773252015646,2.2072458525870564
9.972246427245004,11,8.753698602289145,0.9461575052493076,1638,1.7225761195347513,40.945388522405906,-121.95735241666995,3.477211383366294
3.5463211815880276,48,5.872164580075233,3.3032931988252177,4030,1.669706097000002,39.15105613618089,-116.33288325579282,2.9167748480129227
5.839341966534085,32,6.112763540410078,2.5109338784019752,1431,5.7189444460397905,38.39553826377311,-121.04622996159384,3.951424663701391
13.555037738684165,36,4.467746251915872,4.000932372069215,169,5.021014536488905,38.637667361217,-123.7861115332492,4.684655170785258
7.635462963680213,33,6.584337604952125,1.4921171644971643,3535,1.9032745104558515,36.14200554304644,-114.55825636494339,2.8596449239431667
10.345808339294381,24,4.6016895702096905,1.2405472629320071,580,3.0328390395274547,32.44556631617653,-122.3028658360509,3.8919297802619206
3.4124781968228177,39,2.3141553139332185,2.3284950393369552,4194,2.778109996287828,39.84441542070729,-123.90441813851932,1.7861043469134341
3.692046263321391,34,4.175988842754848,4.669634224482715,3596,4.955020370327036,38.78713236215354,-121.62868397616677,2.30209296427726
1.572160627730704,28,2.0510323472527254,3.6968981675558528,2893,3.55106458239061,36.72804464112725,-121.64971212881866,1.168937170113848
3.3650908830103035,37,9.826838296454852,2.3851563115681342,2992,1.6392486849673351,40.99759615368257,-119.77994749154277,2.464788137645827
4.900264746447421,7,9.72597767855798,2.8277247638943974,1298,4.69496031578122,35.36159664985099,-114.79610168499963,2.4865977544576925
3.4781467798744554,4,5.16124237977844,0.8789585502969426,2472,2.9844398911245946,34.94321744231236,-115.20815082220902,1.0345441368710708
2.241835472598779,37,7.826966834717168,4.930591533692509,1992,2.3146212381607354,40.72796325079443,-119.43105445017572,2.3633252702608583
2.6889021954084114,1,4.7664487872834,3.498832871127135,1983,2.8774931101036008,39.969876547589855,-119.89100095008193,1.9373544652719503
7.450902752458161,1,7.368745256687808,1.784318308085401,897,3.4887828180344815,37.149798106483445,-118.44990913525149,2.3041308671122724
3.888672057681095,47,8.443440344367833,3.1361377739685996,117,2.7155775820850474,33.3073473945785,-121.56545988028235,2.004512274326433
6.099778054673056,20,9.574049957537927,0.9926706473104729,143,2.209528862958789,34.150714714650526,-123.47815008033638,2.9366606664162602
8.047841791967997,19,5.201698206797376,4.846265009634126,254,2.9925101440199016,38.562279904088065,-114.60775863828793,2.4614738692267677
10.665527600811114,29,8.266383863648382,1.2865324454751468,3548,1.0958645537494913,35.850412378404116,-122.13301015122828,3.9038612027838395
1.550369957775385,10,4.12742760505695,3.416136431248464,4938,4.86248923048157,40.364731916659714,-122.01599270754284,0.2060376784519491
12.191745584726597,18,9.922658430349188,1.604545081425187,4180,1.8547244678379289,41.49955009332204,-119.27539671146053,4.832761066377939
9.79060545287271,28,2.206156790114809,3.729026221918411,1525,1.2195230681531863,40.05636925274918,-119.0838665515967,3.325634768949349
2.1446264472842067,35,6.828230452008968,3.9956961525812646,4420,4.268493464525396,35.77545422995557,-123.81565790299258,2.01305463382468
13.230100737494881,43,7.276047853210617,3.530388780101447,4412,4.869680644118361,39.88686429231424,-122.5204526122603,5.09860847010812
13.892213607445385,47,7.504364456593031,3.2652475711483664,3739,5.069145657964216,35.514416734706835,-120.21845181439258,5.086516601565162
1.8550914379680925,31,2.963100630312712,4.516110922784053,4226,3.4675459133029998,33.67100087765634,-117.16269306489461,1.238590458324937
4.876287074060852,27,9.508238267785043,0.8538201994539112,1992,2.0268409234499263,32.333932048658575,-121.71581543168064,2.38174091785192
12.286817917102859,11,3.4494662324006624,1.9891164460108783,997,4.686138386249134,35.8571671276102,-119.76985553758237,4.407621735713975
11.475635665371216,49,6.982027225918729,1.617293658338807,3524,4.498565385771686,41.03559303697282,-118.42654935283534,4.2069173388669885
3.5832942709892825,49,3.7814086329846797,4.946062829294397,4640,2.2313536705158663,34.389865877556765,-115.11407505376708,1.1033830986745048
3.9308905267139442,38,4.457731336170167,2.252254008500931,1358,5.517038779313965,34.06513164929784,-120.73929497672877,1.4675412410384594
6.186609439079348,5,6.371668333824995,3.796757146581794,2115,1.521857290414145,41.698207852410405,-122.66441734136517,2.194152097806484
7.783321792674299,8,5.337547348516612,3.581263237464521,4933,5.913441197956629,32.25004112850592,-119.10727774102392,2.7061231826657894
9.655566801424143,34,3.2818048078120503,1.4543655686481998,1802,5.301239054887323,39.857821503937544,-116.53278398315938,3.90060313451009
6.164790953976814,48,3.3674912193667863,1.575489560951981,973,4.439493227395376,35.2136995574087,-122.90140242947267,2.7850607530831515
7.47548602586407,12,5.345158305302397,1.7657805359886534,665,5.693749441399165,32.37487956869659,-119.7531650830304,2.5056186326049223
11.464593133872592,38,8.058263826204005,2.3500727521672067,2118,4.611555841618539,41.178025402095834,-123.82214858737517,5.604337970487258
1.5135648404683706,1,9.18371717478231,1.5544627954273706,1985,1.9522849851502295,33.39642330209583,-123.66440818352748,1.8991607391309042
4.534117220816291,31,2.6730212980750627,0.5884316723608152,2223,3.2107806905640586,37.517792837256955,-119.17046636783334,2.7112169278651157
10.986894202383734,4,5.1448312604752084,4.45726875563238,4742,1.3575151216581767,34.740542074295476,-121.0180270184907,3.82213609561567
13.53289572762079,49,2.801964509783013,4.845244241213979,2414,2.948287111440577,32.65192802184691,-115.54892700994588,5.272056119133555
8.163484189619325,45,2.132739845060783,2.0370667416420556,4512,4.708015098686044,32.49922485663379,-117.97845693873546,3.057866961448718
8.449588793714419,5,7.293749461151653,2.0232809574146278,3983,2.932216754654087,33.15556698836339,-119.4606703825701,3.3352666804714763
2.5004081587568647,30,6.819595535732702,0.5319131574846694,3292,2.6514708773406706,32.713670138893804,-119.92064628945704,1.5355527333153554
7.263773135528365,24,3.3041529105190897,3.5611280974866832,1959,3.976778612551559,39.60558115519923,-119.02754519810436,2.2848541765259998
8.456641730370325,3,3.870502664744513,4.214479530868829,124,5.361022644994475,36.855662022834295,-123.59561168787339,1.9645739194213205
4.394587050886216,11,2.189662029156147,1.1597373516200142,3603,1.237915962730562,35.4289209134898,-115.0720664357934,1.902391241580504
4.769405233291334,45,8.67957764555523,1.2184985721521784,4355,2.927352173498677,36.18368910132007,-114.01696844266041,3.2196902870501742
6.281978283464717,4,9.797524768388412,4.05537462487147,1237,1.7912037090763135,41.28946735572623,-122.18512875141302,2.5901347916945925
1.2809967688881692,26,3.0836762943575264,3.2733083675936507,1289,4.476771253659348,41.10751812738147,-122.7961703522538,0.8320979481786115
5.509108318164496,27,3.851801710122385,0.7018725093247266,4898,1.5286228021556743,39.15676480122577,-122.56422536551405,1.6277657966365555
3.9602720979516253,46,8.947276191575472,3.3014614570802676,4196,4.324038792901223,40.84682377421688,-117.38972941765633,2.965935955310941
5.584962930490805,43,9.411710383649478,1.8901297527969474,3257,2.4309043539895367,35.19648027587625,-117.38559161549225,3.2243833984241626
2.676669845469517,27,5.357019062454483,2.159263199618807,2467,1.9945840686861236,35.81109326008283,-115.52075837721588,2.2187383051121805
13.46738193035853,42,2.404979778152593,3.9637913823359607,4577,5.681762789124927,38.13712181854228,-116.48173611573746,4.995628665754813
9.310294349756681,6,2.315134669542555,4.149208367026748,1841,1.0926228837297793,38.23625947297264,-119.5031032663066,3.290033296131938
10.507432468022854,15,6.5915989285520835,2.3016048207792377,3788,3.188886359447845,36.81699838012341,-117.87144638434681,3.992689192926029
12.048397340502737,30,5.143160871145432,4.7621882120285965,3846,1.108134962308969,36.00657848437953,-117.11715329631993,4.581564814741731
7.978190785006802,42,2.229219420621236,2.329082230784325,997,3.417965240521645,41.86180311608695,-118.87263529714775,3.805488204868868
2.2168840332239315,37,6.666019138500454,3.9732621585354946,4123,3.505236888972091,40.21123626117725,-119.24349015548363,1.7768093837212446
8.519491585459669,37,2.0904202927121798,2.6774476905391658,816,2.608312356973735,36.34980197888045,-117.54902554357346,3.606944564482909
9.215775652292308,42,8.298975665194185,4.538895469349378,4067,1.6608088876251184,39.27292477239568,-118.42525451024346,3.985923281339441
11.43615263858062,37,4.451462581626973,4.584925596425804,4121,2.8819376886723767,34.695616932524594,-117.5605769466409,4.3211923151033425
7.043233647215511,35,2.322064024073857,0.8933756354198774,3315,4.36131469966283,33.0016932623733,-117.87145226036637,3.797269714105786
2.7861242391378926,23,6.7068177678652265,4.714219990896016,490,4.911979043222296,35.5243102555274,-116.80803439486345,2.051061389961636
4.972862681182143,6,5.1814753154644375,4.214906786841871,3984,3.6537530119407116,36.02972800123394,-117.57196491217124,1.6485315422571694
6.083152149580892,4,9.790403306857197,4.0608982144070005,1799,3.949171972198778,32.16537124560671,-118.80257513562732,2.892400644953263
10.042841378642418,18,6.3535893000296175,1.404101028584851,3137,2.0030818556232637,40.14792001635896,-117.18203188715613,3.298015655353547
8.990896265364766,9,4.201913448296066,4.123036439395992,332,2.436651666138247,35.59193402389182,-119.50518034814571,2.9807122951596208
5.985354162569847,49,7.675510917071798,4.325597306082665,2026,1.809478050261792,37.80418165780147,-121.58328774027399,2.8501653247627488
14.811213483101715,29,4.171936020341691,1.8011765050436792,3231,2.2464767500230565,32.73963187270956,-123.98581779866085,5.576451920529168
9.48084747099642,13,9.23394633126052,4.785170352630457,3406,2.124433901127659,33.74996828750584,-118.40035852854157,3.693924570959358
4.321175084303922,47,4.9977757640590115,0.7243706587962391,2824,3.597243931956188,40.896937253275595,-118.09344773391359,2.84165080654552
2.4249546166856524,17,6.398948502209642,1.1745916396121285,4901,3.813443778953647,38.08687527882801,-114.27951035224285,2.035741412517667
3.1400279485806486,45,2.404584830593831,2.9191151212318145,333,5.724737104107523,41.50284050170485,-120.38521665905725,1.706403982033462
4.443408197383114,32,5.408969903617846,3.0910661200503937,1491,1.9778532355076153,41.98750034391317,-120.05866757171688,2.1471239853071182
3.2495392256337796,48,8.65890831728796,3.403175374854065,2992,4.208378550807479,35.718601153330944,-121.9820041865781,2.6120752403766594
3.6119383367182807,22,8.445190442906735,0.576361081919599,1355,5.086296344937614,34.98803064083275,-123.29465704762679,1.9090343540124461
4.99133236171386,4,3.79454847082821,4.821650485799586,2638,3.8012073189152624,40.58356055159096,-116.27195507138259,1.7101655372158546
3.4272303341265675,5,3.8086325680845015,0.700646417303648,3790,2.2750182625053785,41.98611427037454,-121.50318935660675,1.4947814324980158
13.554715944769953,37,8.538442497705894,1.1437787872553107,989,2.3127511501000013,38.29641234232457,-117.91095138969962,5.717540201421084
2.123272439262991,41,9.443187361354603,0.5630653288672565,4787,1.1962652653549997,39.951407225115226,-117.12226964454518,2.5829224224279512
8.343159453983565,49,2.7628873701840284,3.050862949823426,845,2.5272211327424086,39.817458588152746,-119.28763312708352,2.805135297757199
6.745555577855261,13,5.600469115409802,4.695200977644375,1819,4.723018395016901,35.55339708219547,-115.23647886972809,1.966392786733028
14.753300636720489,34,4.699634231713832,3.496762247362089,527,1.237588786035552,37.74270380257087,-119.56205159020271,4.817523374895594
2.568544630352733,45,8.965507643659514,4.201958608161923,831,2.0964764125241535,40.330569412642134,-121.15091376958235,2.4033202236769227
6.569978386640383,22,2.66819931744015,0.5597654155636104,899,4.531162492658909,38.881138762610554,-115.03984477038378,2.507637247417619
14.572586065855164,23,3.6890075404642992,2.9390688431587675,4397,4.913257814114383,32.21163813982038,-115.38435715750043,3.919860847577518
13.117099762515723,3,8.019746700691954,2.5680333987748485,935,3.276592050309642,35.36705668897534,-122.35960052923588,5.642225333121185
12.439008993289919,42,2.4103507918497247,2.7453557489935685,234,4.490371692393245,33.444756965946056,-123.74038981646079,3.680985455849349
4.610639578629158,34,5.940283045714314,0.8249593340083458,2638,2.93976084327446,34.32972212078039,-123.1001444365038,2.6311840514809997
3.3924262234609213,32,5.53685627743776,3.5799591248118836,3818,1.7995662251206377,41.05489477491326,-121.13452601446183,2.3141020594238992
10.361005078942034,45,4.675209431909989,2.764491866863855,140,2.9907474676145327,32.36893288910768,-114.27740198258289,3.9777043863558057
14.011263847786202,49,5.15657852255139,3.943169824375688,3467,3.899839101015714,34.198007119619234,-118.41483846839175,5.821858360702981
8.794680502195018,21,6.2395246954418635,2.683807853277719,2515,5.740266409264452,35.09569352238231,-120.26738267970731,3.0440774878463968
9.002577652578598,46,3.290938867107065,1.1722173630189443,2140,1.3437547604433866,38.16884071966395,-115.11283905387253,3.976807015299677
4.919707311243979,44,6.575967026268742,3.417156293350199,4439,3.536970469224803,37.341016900858655,-119.468636685215,1.7523776700868117
11.772901064687117,21,8.44345863439989,1.275738629473248,3049,2.644598891053622,34.18269482853386,-120.8476137159898,5.319043797019211
3.618612479805327,44,8.081287438321272,4.425775535096667,4361,3.541558471383473,33.64241067223154,-114.58780471254343,2.552861504139203
5.531509309659412,11,3.2311992375501895,3.259023075811587,3566,1.1198772368826584,34.367980345961186,-115.50482333807322,1.2422653605908534
6.956110140629835,39,3.1939957579317912,1.2074174760062941,3188,2.565126773507907,37.02529626701656,-115.5633162458056,3.4402389014457384
8.10654530158237,4,4.145394941959307,4.8305212586654305,4923,5.099340737635025,34.71177785711203,-118.87715256949787,3.501053143660018
4.393736253811124,1,4.888597810728298,2.832644585008943,1215,3.7697086692731876,41.47602501607722,-116.10561601184546,1.2221431956688105
2.6077155463488495,28,5.267644651267861,0.8280430334224476,4678,3.252912464080587,36.63865221428848,-122.20646640735448,1.7225710064120696
9.548680594182857,24,7.437577734666762,3.3207480698678027,2690,2.427625358576698,32.58796016544637,-118.26777042443756,3.6649126000477796
5.040827745363581,35,2.4534434573266832,1.639395081557646,3673,2.4902126139567793,39.292664058366334,-114.16154077152454,1.9905144578981984
9.137335099916571,13,2.277381633808531,4.116620533447861,3078,2.9155071679529225,35.2884528820899,-121.09041569482038,2.5853266164668
3.161078013838832,47,5.135284503551272,4.180199331047858,2547,5.177853549822802,38.53488932058248,-116.05647670752325,1.8696127831942295
7.735961425967445,34,7.577309537103844,4.905263101345978,1330,5.836066034041342,34.79594370523232,-119.09521592791933,3.2170659961896315
8.456252055722203,11,3.5474827436518606,2.7584128896102666,2766,3.1932769067518727,37.707437417333196,-123.60194316777913,2.795471539699812
1.7255295155139767,36,7.132035850050014,2.547305958774817,4954,2.9667641937388094,39.721525048074646,-116.36980602184333,1.6089588162352402
5.712459894714888,17,4.078625103522396,3.8906402245091627,4358,5.232753879099314,41.28008741774554,-122.31430855607887,2.6476539740780805
2.8818054771456394,35,9.08868887050813,1.0961179535386696,2694,3.134526603181518,34.61127144433077,-117.6852643286725,2.7545427907638707
1.8872495866187484,18,9.165519554132931,2.9611198120690587,3530,3.7600908614782558,35.348569509989815,-123.14335805953027,0.9279205353894765
14.859443253459233,40,4.378297634250612,2.9581142005888292,3017,2.1547083229937223,36.64266420285939,-114.53132602504036,5.250961849738108
5.512953829646122,22,3.839950031705924,0.9026290526467424,3052,4.7175126788953765,41.271748377359884,-121.0827611281964,3.0580283226872917
12.338242241964888,24,5.29043177652985,2.380928384781111,2095,3.6599415913539093,41.013868568106574,-121.73535308322604,4.738481910808853
4.564969166692694,19,3.9242526814411898,4.339781593552409,3991,5.045172751201708,32.898782801006384,-122.70863595933666,2.0921622910035493
10.541038111135009,37,7.379070746333629,4.352691298975971,406,4.903663650143349,33.31929825753811,-114.53997806660952,4.542073152056948
11.64319003845561,39,8.608517476386284,0.9465694921385646,1462,2.0750238413501427,36.955091773306386,-116.88096257558695,4.9556497415471545
9.33894236850982,21,7.384737047289736,0.9082439723652389,2202,4.578177752788812,33.06619272805423,-116.58339111281911,3.894220321343774
7.602066639702217,8,8.594803577994796,1.6821296465087088,3130,5.000272039756857,35.455808733486975,-119.00595438619756,3.0140444119525025
6.765772798061759,28,5.175937297659793,4.4364472814929705,432,2.730536203911975,33.483853782174776,-119.25272214729516,3.3133708310979535
5.884155731601934,5,3.250535765670887,1.0800616328307453,2852,1.8630455645113728,38.36040355131886,-122.89978757008524,1.9389080860292907
14.013408019469562,17,7.903607579180737,3.739985611823508,342,1.0131607778979408,41.49495431739162,-118.40158904416008,5.0909056505532115
12.628671709028207,37,4.883796041132431,0.9552452882589645,1984,3.254518265465741,41.967337702943816,-121.5308350489121,5.336887579035011
14.510376749331176,36,7.37016660183306,3.304120341865214,1532,2.7621636576942077,35.752411324969145,-114.22854667199594,5.481027665925813
2.7401611287976264,19,4.165151535854125,2.1023028460361517,2650,3.7745491691270447,37.990126371146125,-116.03419059984853,1.4780883254727868
11.23214465285102,27,2.6498370784533813,4.050112833346402,402,1.9402054629439287,40.56267653524081,-119.87007939807113,3.7930224663894356
14.13676639549453,34,9.940654363902107,1.5516070197141363,4430,5.298327738332376,33.17462072796384,-122.48658741308466,5.792847542324656
3.537262926319242,11,3.2496120634447943,3.3764082322548195,3209,2.288776078140548,38.89564411051965,-116.14668308861216,1.2751586521724132
1.930947743134885,45,9.907367951707847,1.5605714055914823,2286,2.1321480254382497,36.08843661725068,-122.77946232918684,2.124064184546978
11.375689090060828,47,9.81823946053158,3.7114712740046922,4390,3.4035702824217795,34.06146160280164,-122.1066624650293,4.79498064405322
9.042623584518767,12,8.350544831264317,4.431551155523369,1650,3.4942551187213713,36.02753618747442,-121.88479482255772,3.4800386196917485
12.785602874615808,21,7.275383696655981,1.07060809607042,1892,2.075426143925464,32.75960286964917,-118.43109361726906,5.438807932796138
2.956813272768053,11,6.622456402008678,4.399680598679765,746,2.3593036336295787,38.95407148589306,-116.12943346009634,1.8611541258762827
12.133742366038463,39,8.928812363022677,3.1710886448643407,4756,1.8485261957762247,34.52742668748453,-120.85685121275307,4.364858675785051
3.8227824806684234,28,4.3155161729559035,1.0719972089016079,812,4.592300891615833,35.11405645044878,-123.1533018572471,1.8702117542177348
3.291183200119863,5,5.741449699879016,2.4239383491187043,4608,4.85044515627041,33.21081298241463,-119.3546153647558,1.2211337281379815
3.299721171033901,17,6.955119754932015,1.2238713206829406,637,3.311642487296413,40.64659113889891,-116.51889758840065,1.1830731799692111
12.404046083239349,20,5.289523806955929,3.651565499899563,334,4.570435113425088,36.93444279282738,-121.78336156912611,4.605227195222827
10.312761089746802,41,5.419891632722144,3.9149066048807732,2496,4.679676959687228,37.721468777864004,-121.80075451960626,4.212026550367849
8.32291594676767,46,4.642277340016675,0.9760843412275952,1604,1.691377638389043,37.69432683094855,-114.5277297265329,4.843769339123882
6.023626777729035,12,6.513854533476288,2.7776293371258998,1474,5.830890124172684,36.10493114541342,-114.45846272880823,2.392581852691242
13.280807571383516,6,8.804596224120928,4.1658127521166275,4611,5.105159735482155,33.92529915438139,-114.09534267938423,4.388323473772372
6.494231503916895,17,3.6122270240505028,4.712733686979484,2009,2.0224173059791175,39.451327484984,-115.9234039842522,1.977386321902514
12.432392152602079,19,9.475464310027531,2.810830400337965,1015,1.9308251787303512,33.27056265357675,-122.11815830832055,4.690927230142939
7.147888719983058,26,7.512701229985837,4.776256506251332,4058,1.6283057278979136,33.03873790278811,-121.88018479200738,3.471987225901774
6.277222011948706,48,8.586185701440241,2.910600367052134,180,1.6918928127095918,39.10145037596504,-120.59774758477607,3.908689196274565
7.47751699937449,44,6.449525541040093,2.2738572256995857,2183,4.740808995143481,34.08837020451984,-120.81867468666509,5.117593461890523
5.219290238297989,44,8.236133611392507,4.316914078488029,2788,3.348271284758118,35.067727513528325,-114.43472250921991,2.4502639643505075
11.466531322467516,32,2.1296031787157377,2.718422197061401,1790,4.914670863699336,36.7522746700174,-116.10926017118307,4.200116042407356
8.038085461294708,6,8.547043398236282,2.6235612975403537,856,4.731274471751027,36.49351316729546,-116.75991207838446,2.912811145122169
4.250977732055443,36,2.321110872682932,2.7064062023442275,2770,4.023063567526108,39.08579125064999,-122.14036775941868,2.267333982663413
13.594044025843958,38,9.1193070109029,4.310532508413854,3851,4.4318330328933975,38.23431793443361,-114.90474440637671,6.226195867989517
6.3744770992249595,11,9.935701977909147,4.243736937596235,3652,1.0917786218957088,38.443961622818655,-115.72129620493826,3.3447821701954585
8.60974005559584,33,4.3525396974142225,2.3158399659809503,567,2.55888823402511,39.14054330655458,-122.36358158672077,2.958581734337896
13.690609553503657,24,3.6825484502863493,1.9998493694173627,1594,4.189110896297051,34.92612727423465,-115.28829668039027,5.197774013110388
9.73933194279589,23,8.122906910864327,2.713676108176082,1119,1.046724767431221,35.22333311800474,-121.27752463629528,3.001731071897261
2.6365725699170968,15,4.024210727362026,3.0774762938169906,1001,1.1648847184129671,36.37997747895554,-123.19130254167894,0.1495593479299706
14.157649730588652,27,8.924499065377628,1.5725174478259862,772,5.259439912351916,35.07462173033526,-117.4317769348579,5.476593672723216
9.78791274299985,11,2.8227407372598137,4.072797881220158,538,4.420124308460359,41.84937868970864,-117.4619534061567,3.54034811467116
5.688678605199206,17,3.007641571034866,2.689172445795903,4322,2.3268486656017195,40.1405192642143,-123.05067990434382,2.3870075428824427
2.9498090172874214,14,9.833212440804925,2.0032049678898183,2176,4.4398142005935455,33.646546882560294,-120.81148191063417,3.0009978180535626
12.116352649784144,27,7.390711186160037,0.9806944683379577,544,4.962283345696316,32.055941558818695,-114.07185537744462,4.919605681615574
9.68101858299919,18,8.775097795431623,1.5748032218162311,1065,2.533971415550506,32.427832682472676,-117.21573332991264,4.009645842957553
8.468455287668501,28,4.594635018812144,4.771765272901927,3890,1.1801868874959371,34.440634510429255,-116.69924833396671,3.8990082446772942
13.514496162713407,47,7.411869996164835,1.8729485906878698,563,5.663895623438672,33.14291285836857,-121.87082714395694,5.4548220781505945
12.040360957143431,47,6.753934618468778,1.259866802151659,2298,2.7258991914781525,37.333381148925724,-123.21217928996086,5.3588825606775625
3.1234483162585165,4,6.825200960983576,2.573027562447469,2387,1.5324088164235319,40.57995222727359,-121.23098310259063,1.7953912850643772
5.364108949137675,7,7.460259676301773,1.881894845121119,3865,3.4592843569657368,39.367502209132276,-121.51101614806808,1.915279881245477
4.47884795740252,45,6.6028733850327885,0.6582166262203737,3276,4.842338978320669,34.15609063082191,-121.65455899251947,3.0647642907947272
11.415248096017478,35,5.432498954421328,1.9541534777573777,4108,2.1082365730877957,35.99299256025786,-122.0724567811296,5.662630114681723
1.4694540863009113,48,4.207381555044375,2.9484888077276086,3604,2.347450250666817,37.078942095312776,-118.25244309344596,2.242474794196103
8.978455588198432,9,8.148650647305615,2.982705674089851,1012,2.213574933992916,40.102058495033354,-120.71896524158178,3.1196216891313595
11.674421600369667,8,3.8101794400254896,2.1045151452959994,596,5.958365264158391,40.391216031061646,-115.7965498495247,5.107444137125929
13.274718914664492,45,7.538834449235313,2.512862403136703,1563,1.9870186686527127,41.09718311907776,-122.16052582152616,5.855290833728699
5.789144482022705,17,3.866662581194613,4.844830632056449,4353,3.87760108483062,37.09245250502875,-119.35372929131455,2.4332928476109554
12.49760226540818,17,7.002641359635631,2.1980681475364023,4367,5.626323208284822,38.94274746435863,-123.8634216357392,4.631030628840155
2.548844317372901,49,7.976626137032231,1.6620206596699234,593,1.7344828443888962,33.11800371233937,-119.18317677544808,2.800567699805047
12.850332084283254,33,3.7497111112523136,1.5956016983004204,1526,5.854270989338501,37.65288959953982,-123.44161779123526,4.866182967160114
2.784841272647754,32,2.4795464068904662,2.5599407571686035,1792,5.737386171978123,34.48691809471135,-114.22276488127356,1.6052322126053657
6.562022067845142,8,3.0477899439533926,3.917840669226248,1893,5.422859935291313,36.317168850266114,-116.09407871349588,2.1709391495288872
12.162135120913751,19,6.847975738168204,1.4269468288481293,2823,2.0727826066500112,38.34050508306719,-119.09888523363544,5.1289742366180855
3.098843982882833,38,8.795571249805885,3.6918325721334564,758,4.170275280054916,34.569859378537814,-123.13412641820649,2.816088546859878
4.209519533256981,3,2.359974569883395,0.5951742050723733,4861,4.804457364806201,32.52185057796761,-118.07554559209586,1.4543974999106029
11.111535957502928,5,7.87321007233317,2.385198400927757,4562,5.930139640982149,32.102338564087574,-116.41236249298123,3.3420295826601003
11.08051151164504,13,4.730549167600417,3.991392793412541,649,1.902119110406852,32.22159535544522,-122.09282746995255,3.875671760774088
9.976066860394162,47,5.82822695935618,2.0242983009849413,742,4.830129497596483,32.083497375137696,-118.31791659212509,4.055489659215055
10.7152782225394,46,9.430876398764525,3.0368169565042975,4450,2.6940058496355648,33.10355056557876,-115.85789101617132,4.689040598904055
8.598142206866346,31,4.655772037886764,1.4224065477165986,307,1.8781323278400115,34.3948871457013,-116.31752222353684,3.5314733292494154
4.525186824697339,16,5.722695471515888,3.8389792600677755,2597,3.1068847060692746,34.212215141822995,-115.97007982132847,1.527718636541881
5.839743909054873,32,2.109459318085449,0.7352559647094183,4290,4.969179560743082,41.86796594179897,-115.2067657513028,1.7609572285339556
3.542368035219959,22,2.652789760038707,4.336441901939752,1983,3.324249018520261,35.06006105208943,-114.62317897840529,1.6971538915062632
13.718307858670796,29,4.068732729078272,1.3918837388975067,2986,3.6876155010152427,33.27420783359399,-119.94478844796464,5.046186209026598
9.167485126725687,22,2.2228179265685952,4.434791142687488,577,5.975797051000606,37.45562544167758,-118.31230897477123,3.185083234112608
6.6119198346909585,43,7.051002608386008,2.086381585852328,861,2.9955464977871302,40.579574553975085,-116.09340473954389,3.6997404262502287
7.468081251017858,3,5.41118685441298,3.7520760851351898,289,4.077003773546199,38.780603767876755,-117.02860186054217,2.3241703203583413
14.261966754565414,10,6.385161621824176,1.936513840037848,855,2.8262210080768595,34.9608208913545,-114.04479771735622,5.1865172120912035
3.1469196436251226,42,3.3971774871706364,4.576602520555914,1546,2.963928231643525,37.61616159791455,-123.86322348895357,2.563674536563166
9.207217648235162,21,4.367456235492929,1.0698670648326847,1763,4.478203767227041,39.14855974200409,-120.4486678468421,3.4380645943423254
8.082441504382523,16,7.310595798821801,1.3033390517266943,1935,5.689434880474417,39.28104492367742,-121.18972073729798,4.360316959094575
9.56035929608507,12,9.7224217890432,2.7186355632146104,4328,3.711794752461607,38.66538455297689,-121.37684149834466,3.9694154031292643
1.2535425734917671,2,2.4033341888176736,0.8687229756716576,4250,4.841999644743899,40.70810424775618,-121.77470217501114,0.18677042121631854
13.209734725218121,41,9.123074566842128,1.3819108311579287,4160,1.446032794084819,40.70105458344104,-116.9087615918477,6.050974345155943
14.049655954770573,24,6.615049610489668,4.746948719954065,4705,2.055790187159635,37.789365594070034,-123.15240526724678,5.062774046909347
8.911864570248925,35,6.51135653404499,4.894203475165492,4865,3.510658204597662,36.29856369111212,-116.58391166056661,4.306260098020072
10.753111534276492,30,6.002228281662083,2.1931669819868986,3712,1.100058618143874,38.415702955651,-117.06574157983727,4.523171083693913
13.914991336482139,30,2.555152687233467,4.65478709456271,1789,2.264274893812794,40.18212001370463,-121.49195867499104,4.63335883038285
10.90134088038758,47,2.7190148138892853,2.951711040530443,1416,3.587006449124831,32.056521048411845,-121.47166216834839,5.095225664149878
3.1355466007996586,35,6.807296045272689,1.7138410964319517,4929,1.0748059912815036,41.91997009014851,-117.71139414655498,1.9860159277859917
9.068037042335384,19,4.727668571484466,3.660794244862694,3286,2.3227314311302085,33.82893772329199,-116.37828894516322,2.3073287606820263
9.494010649359982,8,9.338144532621445,3.465058129586857,4120,3.5701540973793473,36.70248985659976,-115.23514386912635,4.209054577017972
6.937829398233404,26,5.252724298875778,4.9510639359893,4454,3.8657462399062283,40.720297348428666,-115.47860436145524,3.054034049930355
11.31021929874612,49,3.1462516696211287,1.6927127933417747,1245,5.628758465276527,34.250403990441995,-114.35117005836148,5.244914910785469
14.081138206766209,40,7.717750668016288,3.5242677619778093,4494,4.226728116253039,36.76795223900383,-118.18615104663489,5.179066211553509
13.957959180694868,7,4.346827371528079,0.734106897632511,660,3.073679012649969,33.32582180181179,-114.91344438659641,4.601789317773746
7.3117511996578495,30,6.203762458847145,1.0114071741352373,2012,5.651755885665339,35.950763253881924,-115.91486726739589,3.1833103601590826
2.5853326417705738,7,7.58266228404136,0.5176326872799197,1964,4.9244149169389715,33.771354547930024,-115.05332375685987,2.1148654241962714
14.787776785472683,3,9.202112889616563,4.997573064768529,396,2.0000446055637378,35.63627748771157,-123.88373398714633,5.49209076137117
12.744573210243077,1,8.337529558413408,4.1102316371636505,2509,1.6542118067440987,35.73464216792722,-114.3409700813419,4.57901352491465
2.7452775368457356,36,7.410888542981793,4.040253566300933,2736,4.379058178713665,41.93170789598333,-119.26469837153522,2.193281789031237
13.891786356643212,25,7.437065459161149,2.7937673387968087,1561,3.799415827884919,41.94813029303772,-116.01817010425157,4.696068504882369
13.178549068869795,37,9.567397152256692,1.8503018730744798,4392,4.948368068963779,33.147862786606126,-122.7279588066222,5.942130410676244
8.263732799765009,1,4.366592779972288,1.1806892800820417,2368,4.694025250393432,39.259687793283476,-120.04058904186026,3.2713051656677297
9.277856100429009,15,2.0088967535694993,1.7810363248090866,1094,4.126057669287575,32.51745479669101,-121.28539336979009,4.340748276554567
6.586037854181823,37,4.1756364751855894,2.191870498681126,107,5.931910858144461,32.30192015337189,-121.08341229499062,3.2591739660366716
1.7666629435084387,13,3.743131037013952,3.9033954364113232,2691,3.6679486505520433,33.05333894244964,-122.76744380049118,1.285371558007449
5.692761383042613,40,7.294676680911985,2.928478050064186,2615,1.5655287825085993,41.65485657007934,-115.94236167456992,3.3296727443319196
12.239948280372161,8,7.069692798124232,0.848676319499672,4515,5.141367824079942,41.40863547894698,-123.90757685418922,4.1481675642996985
1.06484832206444,5,6.7476910616377905,0.581130540315105,1517,2.259266811728545,33.939278202806804,-120.87494543014797,1.6898677906727806
5.6689884036760185,9,2.1299475456756296,0.9604948079032842,2416,4.886510740719592,33.61672335553712,-122.25589456783585,2.0177934462132727
6.574361710273206,1,7.83022443560518,2.3472442116382073,4032,5.785535480000257,34.40535086515947,-118.1096105939166,2.561489319777218
8.52353844113092,36,4.588243299883932,4.699368126720582,1387,4.483977569821706,37.15546994075142,-121.45747597385456,3.4335106931444415
13.877978629778646,35,7.320447912053049,3.3683111654414972,2944,3.9801508047490053,37.6970463203541,-121.410015454719,5.394051017700345
5.848843921123457,2,6.452627428017227,4.108216549439819,1218,3.301930878375203,34.21593430439447,-119.11661856004682,1.991300547333243
5.8573448265471875,40,4.741847403423257,2.5986856752704686,652,2.822049329977016,39.566227880899454,-117.47310960659074,3.0090732111368093
11.325017473536477,23,3.076610136832862,2.1274973743776924,760,2.765023754859181,35.095531694026505,-122.78695295434837,4.010487144596909
7.3310511724573,9,2.7553511812838476,0.9878016772248023,815,4.181863528547953,41.221313255294106,-122.24488547534504,2.5146056899909337
4.144467521159747,34,8.652146664897788,4.441698599837922,3685,4.75636558468873,38.567227064567305,-121.52825255405483,2.811382470269056
7.334153225857707,46,9.347180336652464,4.0242201306255625,3861,4.392585347422072,36.363511943036116,-114.26251785882039,3.8916473388182147
2.971998285317198,14,7.198304374114397,1.256531439189763,2629,1.9920505059678137,39.89912001702845,-120.0284750005708,1.5515353779419492
3.4694178110871263,4,2.827472918883867,2.8051725374431724,4070,3.4699359007174557,40.17914626046665,-118.01009909368973,0.8815437148044338
7.977148818352717,30,5.216217735105926,2.693186635645602,3507,4.958200360915315,34.90481605608944,-121.58457187284021,3.429307920641562
6.8649562930636705,31,7.831513600841258,3.312911987089379,1558,3.3785203909452814,35.397145438360845,-119.09540474842512,2.9236767291302965
13.807842614953401,38,8.238567072080546,4.757841022960675,3367,3.6831163986774693,41.35955153728604,-123.25880825614043,5.079011564520865
6.073514587632864,11,2.9457489783287087,3.1089714879311585,954,4.855680240854111,33.64741038363272,-123.65257854077673,1.7789423306903718
9.128236903892608,35,2.0002457507630593,2.930977700503784,4860,4.306326531325458,32.421504169629344,-119.3126647317854,3.6194391274577677
9.851700030873426,8,7.69709636704484,0.7264531982059877,3637,3.046724604411963,36.54055322609549,-120.01340712481588,4.445668221558681
1.183322392236671,3,4.852769407889645,0.7830836420811077,1997,5.477063555971094,40.01209900243629,-122.63119680308172,1.034999800469356
10.289523208233948,14,4.035850652946082,1.34306056097055,372,1.812835343317393,39.71668106310746,-117.12398571079267,4.146699855929957
3.49250353617652,13,2.1031797583162035,0.6461184726128673,4187,5.977582242951623,41.195306289128325,-114.07096509100735,1.4509121534950218
14.454984444572371,45,6.322395254091997,3.845088030065056,1372,1.594262892381186,37.332006643690406,-120.04353178803288,5.74759305762585
3.0812781885435814,32,8.809205883407854,3.754986367972834,4474,1.0747498555211945,33.00064671566533,-117.75441364082606,3.084052560929543
6.804737732178332,34,9.661053170180704,1.1122530549423932,4119,5.450094505743824,37.88688974336016,-114.37024057635514,4.046266477727956
2.194895353101014,45,6.525959604906314,4.262355053578764,915,2.2247675418297805,39.783956143532116,-115.68465027553125,2.466460179446419
14.956239525843262,19,6.115690621919153,1.1965371568075038,4471,4.648498137233604,32.93328120269826,-119.36447776697314,5.286511746937935
8.030730144637396,38,2.680451083913929,1.8552901414881147,1022,5.0550768746603465,33.726574010975895,-116.6251051554008,3.341865756381963
9.335390242480614,16,6.390982412340798,1.6203960462261424,4837,5.2949319551605845,32.12290661155671,-122.71864959749476,3.881527740266902
1.9390706834379847,2,5.039832631723157,2.175381943578715,4700,5.957971178320833,37.9365257944681,-118.87896144536201,0.7137344899013067
11.499446585588489,40,6.8570822470686155,1.6459869465048285,4967,2.4701985501999952,40.867343919459046,-121.20939722820063,3.6716533225375505
3.9386783033382007,17,5.109810783012374,2.7002791689730343,1364,4.551216709636296,38.70663316002099,-122.3883631210384,2.0958040966684686
13.572760052169993,34,3.922392987602934,2.3333354660960843,3824,1.576999291404141,41.82040087590982,-119.73719093745466,5.508083785131451
3.8719549667481004,42,2.759722201827012,4.939562708506969,2887,3.034046456784247,32.63033652499762,-122.68985445566386,2.058181451679374
3.669628089291332,16,4.519347556711166,0.7516685755770155,2822,5.239858466562952,41.03001085151496,-117.01014891825514,1.5372860332731422
1.5116953498733283,38,2.7731586743020182,1.1398161937430822,4323,2.8382902302955415,40.14068287386681,-119.43759955946665,1.2684855899836593
7.60893723153999,2,3.4151756065918715,0.7377165225887112,2650,3.95547690267807,35.14241520499505,-118.68855367435336,1.6131763837023534
8.90777586567663,2,9.898689268636367,3.316285377420691,3049,3.5188672186231704,41.735265518372515,-122.53624061331843,3.3697744240143903
1.9199209519969331,26,5.552828455252949,0.7452917483617381,1773,4.229757655560226,34.87937748171415,-122.60228338906505,1.0564521401686382
11.857386633730147,13,6.254974132040132,4.263978818192555,4687,5.864471946938474,40.893047238282186,-118.16584564739875,3.8796936513796934
7.346043686472386,47,8.988948229897723,2.803723838068675,3192,1.2786776325070106,40.80748577074189,-114.14990252170554,3.3196801002028393
8.34146377058612,31,9.964551203925502,2.8715343106169016,2938,3.8698075875081486,39.576576166029724,-123.03749416762274,3.334828818818278
7.170678457135194,34,6.661715594757452,3.027175284704874,1766,5.315143896251424,37.63470473812852,-121.14268571434219,2.843960120001836
6.6106828522545635,39,8.499790568353372,1.2686616783779483,4611,3.4069135587421373,33.20002749616888,-115.30540883462112,3.866160146647358
8.83496463831505,3,4.615528194693402,1.3896063640151939,2295,1.392635929707864,37.319717344964985,-123.27727987744763,2.8476670282832277
3.173363443029975,8,4.445951659578329,1.9346779529285212,1484,3.8026967620838543,35.56796255654935,-115.24114278633049,0.9059076881229682
3.5469938269337957,23,5.221629767956482,3.1707338711983315,4503,2.660369454119102,39.92217033155352,-118.75714016625248,2.2647314670131142
13.064998694189242,14,7.380058101389193,1.4455299917309654,4054,1.7747089266896796,39.58129206496845,-119.91733226073575,4.929714972715091
14.245616469870859,27,7.45753351404079,1.0234927720996756,2999,5.245172566417365,41.10612507372605,-120.90319435648544,4.32643088375829
6.226330427916541,29,4.5219154771956065,4.865525988882945,160,3.607997564955608,32.14830162431708,-121.02882841872159,3.1546265477782622
4.790425424009753,39,3.0656793930930295,0.5989181666433031,4047,5.666382061895334,40.09103216823046,-120.94197417550521,2.5297863542482903
10.015993605346221,39,7.0591700517240685,4.112138324012097,2390,5.030082523015345,41.38462053124669,-115.15196919039803,4.6702951351127
6.722278395373349,1,3.026606897510116,4.0461581730875995,572,4.464858968868336,39.8930044910815,-116.76204769825215,2.0244251305281655
1.355408979244828,17,6.627940065834641,1.837463512302932,1058,1.0251275168265597,33.30194459870367,-117.3027699216885,2.1198888396822824
3.186136363126665,41,7.547377024450472,1.1103197720329103,632,3.1391172831912497,32.812791048408876,-116.01250851047999,2.2841183010517363
11.023611203863565,30,7.604891971155613,1.1553289101744053,593,1.9874314082601616,32.20845239807701,-121.42885336995855,3.2918866280093075
10.224935186742119,13,8.027776885276774,3.6384422775673664,181,5.553989555244339,38.28745225828071,-117.81957187918245,3.503650997559519
1.3793438950487689,21,8.982875372525317,3.3926296598877816,3070,1.8729199233818012,38.296726518598874,-119.39933761042049,1.8135287874233255
4.107610267061292,19,5.9996719357183075,4.02235553413124,111,2.4303002582964277,41.869137142182126,-116.17558364799807,2.0906757599055896
4.235047152232999,19,7.8419935162365695,4.718665275795971,4644,3.584183838672496,35.98043174104096,-120.90743889526715,2.1375231135813557
10.406498410382198,25,6.953381882926694,3.613673134699664,861,2.3168180949903965,35.319062848974966,-117.56821383130104,3.6434110190240516
1.2759475285610982,22,3.4931195183814605,1.2013319144814956,3285,2.049323386395606,38.24424927184393,-115.17787588182686,1.1212392077756712
2.4575201477840336,31,2.2055171589552653,1.595491775444348,125,3.9954966255137623,40.25608672507594,-119.97849523805071,1.4908453648986963
12.198825195224652,17,4.27633108541547,4.289871788929016,1906,1.4446476137751194,41.36773949523002,-123.33377912632538,4.2004625429906595
3.4996252687606706,23,5.544269650700955,1.4418773412539385,4257,1.2908387936046237,40.03124166179039,-118.83949177658207,2.261055737736548
10.138445509926246,32,6.93684755542925,0.8263504262951664,4424,2.861226475930357,36.26673980615805,-120.54027512192974,4.4247853348979485
4.334558934654171,10,8.799674644025643,3.664760243190127,4802,4.6033222725393115,38.34914235312064,-117.27774619452825,2.0709492947000694
2.3921794986308322,10,3.569965733649325,2.3113685997056392,3759,3.7740337913697397,40.56299326716117,-114.48967075251394,0.6577995679701223
4.404410673992357,36,3.0043983191878167,4.640180236456566,1625,3.114382342333894,36.90609688311739,-119.14391682003154,2.789751657574884
11.111737045979229,8,9.70783957979462,3.4261478199214768,860,3.828757821122912,34.166866437053926,-119.33809769844466,5.283798382102832
12.979750553488,20,2.864356475011257,0.9068854000624733,694,2.827257423266368,33.69723439747873,-117.4541519980854,5.407121454840432
12.623078103937882,32,5.827928560857513,4.765354552641473,1155,5.680731677160565,32.00157744578057,-122.96502496406433,5.12098900300713
6.560569414658367,14,6.684509830346415,1.6635076863811065,1954,1.2745244545538716,39.18237994981284,-121.46493811074986,1.9959060228822143
10.353191911989047,28,6.330995367259506,2.017456206828286,3183,4.366957395149176,33.1109720884599,-114.81020674499601,3.299516811014615
3.8697801358214936,46,2.6882572562635456,2.310171861575939,4016,5.456413324138753,34.438390996959406,-117.30057386636234,1.960039728729961
5.104068223654186,24,2.456215312028955,0.7305093338194096,3775,5.019423543676267,34.97876331522794,-123.86555956016583,2.1929407536677936
13.548701459295676,15,2.8438674196882854,2.734319400037722,2148,1.9202051741072337,37.603798601367686,-121.9537452744098,4.464367669376492
1.1820269291503045,22,6.6847014709809,1.0549332098388151,1558,2.479631744901442,35.979572772957695,-117.17162733971101,1.5072074816891783
2.197119431962553,30,6.354759101074569,2.304366470097583,1319,4.585239693535524,38.74673992023162,-116.35600797437425,1.0831701529397497
3.9104075720443827,4,3.869926336293954,2.0781940459643793,4328,1.4213527959038277,32.55638659328703,-115.60140427325958,2.3399148764851665
1.371450854233476,13,7.1021931347647325,3.977780375419265,4281,5.0593084991629205,33.239391942644396,-121.07823196617954,1.9353848956787594
3.5400960912571624,23,8.560540016445195,4.11426730234729,1599,4.594534723023951,36.99211503533267,-114.68971403722438,1.5166925179443607
9.162581853575691,8,2.33263167877275,1.190357970750896,1930,4.648033246176713,35.3696478784683,-118.47053106422108,2.1517480613316144
6.8999437082949715,18,5.985039548384339,2.149480343206518,3495,1.5012068513379568,34.9581336275136,-117.03460977612107,2.8761403821590426
13.497403955077647,12,7.514483296821522,2.1800892246432424,1303,4.588802724081154,32.67028079037523,-118.03261137220092,5.562710302986207
12.444209864338173,31,4.018495416557497,1.1813469977123827,4370,4.39909062609985,40.95719174748001,-122.77259945325379,4.679954868507075
5.785442923770264,14,4.462167242345193,4.093040772730357,2910,5.154612454109253,38.91818586125051,-114.3688534061512,2.387175216001196
4.6319280680380945,34,6.9091032239150705,3.682527477509405,3192,1.2079797812823476,33.2161815681965,-122.77124420105848,2.356506588709299
6.315693714341736,18,9.183482347549894,1.3567180383366564,3144,1.115553342338961,32.65045957737141,-121.45118043588816,3.178359969046354
9.264129195207309,34,8.479395362423194,2.1502485886720955,4773,2.8650354993928038,41.74872533431243,-115.8637211977702,4.671904431470158
4.752890971520268,11,6.665041752796668,0.976122611854314,3614,1.7439414192457643,38.81172550439505,-117.81403038498898,2.4696199387116504
9.738084709887875,41,7.841773742057994,3.3269296869186977,1898,3.7919223878511095,36.17456071093741,-115.61850834623642,4.64701066670457
6.731763130677366,12,4.918579761662389,1.0461736604687886,2675,5.586744507533744,39.01731040755785,-118.84263811625955,1.8674609927262644
8.728660531927723,49,7.127724224790062,4.93670375881213,244,2.9573986516700788,39.56331786480159,-120.23006764633365,5.1336765523460945
7.105771407894434,15,5.729452729020456,4.013069336095381,4957,5.224751886363021,39.79962202388779,-114.78154500452214,1.9783963069205965
5.122520633586848,31,3.5194890916604873,2.256073473127978,4026,1.0012043725893323,36.778773056530575,-123.63747682485206,2.474112435796038
14.278346297470193,49,7.613906191018057,3.1035376952570948,1477,1.842573217295921,36.29882758124848,-115.43869779646954,5.794493750454266
11.69048111823665,29,6.451717098790576,4.60103817297384,3246,1.1521176982704282,32.110280842689,-121.69182214812218,4.44881089165599
2.961584460730336,26,4.868972655628731,2.9934467617812177,1925,2.640735902575343,41.26557115141838,-115.51263672246031,2.1806131063909198
13.15855166257078,18,9.290713520629046,1.2852431887907982,893,5.540947978482514,38.03307878388943,-122.60803386583115,4.818469290896258
7.824036775493191,32,2.167472942613866,2.204165100115217,1701,1.4847606179949389,34.03153937189968,-118.19781036309459,2.87739625793504
13.52373117651728,22,4.526185209995968,4.294151892633854,4514,4.032048883719002,41.19603419421436,-115.11892080988528,4.161727681150327
12.197973583262414,38,2.4550511822211725,3.3989585719532807,1210,3.2574796955972207,41.149319017702965,-119.26460353101109,5.05602868981073
6.9529890625692685,17,8.132218529773017,3.4282597295021016,4153,5.692341061829063,41.89184164366096,-116.53433326196607,3.2007482958064974
1.3145703164816436,23,7.616859632910341,4.400696685598201,4893,1.612595712685469,40.740565631389785,-115.95328382144442,1.7146312696332773
4.761483031389245,24,4.650817749890536,4.522878758581271,4037,2.060139252511145,41.977843878200645,-116.63505791283221,2.5533746727937716
8.582879005252137,8,7.405303217656584,4.639066573007463,4063,1.1477098430574664,34.44686188123273,-114.74670263125401,4.23914707499785
9.868695077566063,41,5.167497809567599,0.9268213696392025,882,3.1696762481568688,40.42249585199234,-119.53165769480071,5.159490148347551
4.610427596064832,6,8.050030331379475,2.948567008833954,1216,2.3891644978232716,40.230283087957645,-122.26874560834844,2.3222237734093896
2.950985037019538,5,5.633469301893649,3.8322928454824337,1850,5.349529669451605,34.30940359220734,-123.5218893629752,1.4360091478975852
12.689023315190187,44,5.298237822653324,3.906170803071562,2676,4.024704065988775,32.98437549000991,-121.53540130362495,4.755151301687901
14.78163052984973,29,9.477839323906409,3.2302229088650174,4127,4.070453689878509,41.794205136776,-122.56802496119758,6.172840835349629
8.359662552237602,28,4.007032799125602,1.2505430083265336,3436,3.659553484406512,34.960245515206104,-118.42051258565519,3.759631374648519
3.403510001876249,11,2.9635787199725234,4.08839249273749,4487,1.459251686146005,40.70891790467806,-122.15054662788268,0.9682955807381655
4.812302571271165,1,6.676344906075665,3.7405010008172557,1587,3.225093418626776,32.04127154674604,-123.61066292710629,2.3041916877816995
1.2574694716645343,43,9.754574498273431,0.8876109719706633,3975,5.997525948542583,32.21024807219602,-123.64010171131332,2.6724949895751773
13.800183291846986,19,5.022713709817493,2.587144211034693,3731,5.176146454230074,36.65871308696369,-115.68430501635139,4.332145836509314
2.648515160461976,9,2.496294109030252,1.282898297848116,4292,5.46729527083558,34.387146839350635,-118.08550068556976,1.2549960296092677
9.07123065719955,27,4.71444213847654,2.0186467057083735,4058,5.116131796232497,38.89841283435965,-120.41914698106622,3.5990166035458837
4.836773089620884,34,6.0474532345564675,0.5813649149255844,3497,1.5152084671549133,37.65564325567954,-115.05771957259753,2.7040157512885887
8.758492035221108,44,3.2953840530577097,2.3014844078484122,173,2.1372412703239982,32.77485797450491,-123.29803388592286,3.245685180779947
10.119885436926099,4,7.264817744451936,2.974446145202947,1459,1.0156082567820481,33.62628296315717,-114.19677927272174,2.780447218698259
12.616385251900823,36,9.981995112081606,3.2881216677218905,1191,2.5175506243905574,35.88049270058414,-117.8370820974554,4.961000853267785
3.889897804648445,18,5.6139158078515505,3.4857065530791953,4953,1.543037011732463,33.85604063955433,-122.16535746031151,1.466346437666028
1.1539416012187267,15,4.837828453841701,4.26331090896107,2041,3.363966726507915,39.922223472439285,-117.20930901023031,1.0934113140751622
2.916398820963302,13,5.205633334675733,1.4695830827407852,3248,4.385637442869509,36.1607023555328,-116.36618740216437,1.7667603837777368
13.600260985873472,19,2.921169427161609,1.0421682009731057,4403,5.372526475190385,32.93431866842499,-119.70657216629226,4.856382943506313
13.234461085875214,49,9.066188811409791,4.3319172735406655,1344,4.746085825454491,36.843429022721246,-115.38367393754453,4.941996006612446
9.363783430384316,6,5.318605244170816,1.2047576670169244,1385,5.692927978892526,32.908381810614145,-122.4926759270353,2.840978482945754
9.407236046071148,48,5.0981952913987305,4.886420366012879,4605,1.269491451968944,33.28937305419817,-121.21162416422392,3.739332982121459
10.310513443647576,12,7.277522183443795,4.291422032293866,3136,1.0608991770827072,34.39609832028205,-123.06507638416011,3.857906656106931
3.4551979007282942,37,5.536267367448988,2.753944726503196,870,4.306690569181063,40.5952770524749,-121.89122159392647,2.0249350979742133
13.801767242949436,17,7.185867750462768,4.916396412149114,1943,2.4467620511112314,41.24612532332972,-121.61271188088855,5.108616677106046
6.862787348489023,23,2.4915703210463,0.938195280986019,173,2.2675050805288657,40.26257729332069,-114.8236680907829,3.2088186309707907
6.363939395492965,26,8.50978674977782,1.8637959252879575,1760,2.6544354384689712,35.340772174178475,-123.21890311248843,2.6873237935481082
8.264847873959726,29,9.52403162303522,3.3720098676827517,4449,2.348980289461821,34.72446441108832,-119.72584879812291,3.3626217815320647
1.6575235348507706,33,7.190123089275088,2.075030908129304,919,3.5571820315079363,37.49155690790239,-118.67601312773087,1.8401978170223834
3.3279671625851117,27,9.636527430870487,4.677676483913563,3918,3.2007422361206626,39.21853160533112,-115.01306946197839,2.2271437495123254
11.332470629969187,25,3.2114585149597064,0.795317396800179,431,3.5621427568832815,41.93372788160175,-114.02303781338787,4.552802951400174
2.1591813509517706,10,5.8193295158428295,2.9723532442743403,1521,4.363568057502181,33.31570711878926,-116.46611885080165,1.284858024545128
9.444129532529434,47,6.814453871563578,3.158898203278015,3755,2.9356525448557416,32.49291999023804,-114.2920900943097,5.166999951669983
4.434887535538493,23,6.6538931793694935,3.4372765569975083,1791,2.256538435710784,38.94355888995271,-116.12898867464126,1.4900543663179318
6.450138596587672,21,5.211694232712346,1.650498004993165,4650,1.8310026840437272,40.32225783503905,-114.36797359028583,3.2137945319799184
5.041712314789798,21,4.704675274930091,2.1405489238393898,4508,2.7473705976631275,40.46348779866423,-116.92729274055544,2.3956168737905585
5.979418030509288,43,3.0145921804033504,4.296562383492399,327,4.70903237623086,38.784635490771606,-123.20236574548929,2.038955974504732
11.066642672579437,13,5.1339396044982255,1.3772424603657192,2981,4.783524550557348,41.54015804119187,-119.98079813007324,2.9905449955289893
5.15970401872445,37,3.301286520843881,4.220905312280129,2965,4.334526933421051,37.110047635445866,-117.5340271619753,1.8444850587973962
8.929664964156562,33,7.874925411937747,3.031949403062341,2675,2.170140876534373,41.138147983362124,-120.4928149054575,4.579338416024005
7.664705630787395,24,3.67064748395672,3.9298438003733693,4622,3.9404312292734884,41.67812136991523,-121.26616081886222,3.49760002557741
10.291396315077074,44,2.468522442276271,3.711233148185622,564,3.85344830788424,40.47157457003108,-118.22600732866908,3.964383238838787
14.115616350546611,11,6.4189291025378745,1.4338017292319556,377,3.4213309905486273,35.0975856325862,-114.66498123297565,4.843751237209865
11.256009360943505,17,6.761837861755213,3.059657313952428,4214,3.749894931919321,33.96215651170295,-123.65018126483847,3.81195523045035
4.0091653002705945,4,8.975304490244044,4.404754187622916,165,3.4589531631183403,37.481200649818184,-116.30768796458563,1.866347670046183
1.4365638908579854,47,6.615852899341455,2.4445230656086823,4362,3.827281830370541,36.530147503801885,-116.77272721955373,1.6732474611619461
4.671696620197551,25,4.763846829787566,4.849658466004925,502,4.577529773105644,40.77758342192733,-114.36046574611713,2.9903817712375758
9.331091029803568,30,8.424095052210564,2.534967950457731,4083,1.5481409720171988,33.000316710671534,-114.69288777667457,3.4967106165648736
1.7199613887795049,9,6.3222311454993685,1.142535365005481,4604,4.748128760745119,34.57740061311519,-116.37767437955807,1.467303614971628
7.949127460817309,21,2.634242277049534,2.2524560603495294,3578,1.6794307506379709,39.517989445187084,-118.79591235317402,3.834075333698252
9.355799884836449,20,6.526804482505973,4.782660828757417,3544,1.3331399920518736,32.94986644977312,-121.9573244676648,4.007578780174887
5.679414471437451,19,9.264148363373298,1.938743822029344,4792,5.880398431107338,35.207644140217,-118.54764281674426,2.351163634905018
11.792770852441507,19,5.170501003985764,4.406441719401783,4519,5.784958844352207,35.87155394053983,-116.34648006080346,3.443394171366264
2.4923755438728055,12,4.3706064151984005,4.465628067568504,3139,1.3021827247028201,38.2259379656269,-115.04330787362107,1.3386925038294353
2.0519289443013227,37,3.1477556561441604,2.0758393594938247,1537,3.216267207374811,33.58132645719365,-116.1028799078945,1.6418238837144694
11.194642586850447,42,3.2115641754828586,0.8746594612278445,528,1.9312246914988735,40.60604490349709,-122.04733064808946,5.092020769165368
7.9368784268867785,17,5.462171874734551,3.760510591214682,2782,3.42672448567209,36.47542235466274,-118.00313685771941,3.3534791103209676
10.637633549988305,37,6.765438593292236,1.9018053455629371,2877,5.150886214997937,41.17021711880557,-120.67826540468643,4.270323694963135
7.087582740452447,48,2.644923241356814,4.023156264159075,3478,5.753058873714451,36.67869913633932,-123.90794332609357,2.8732519687595044
4.449628465347495,39,9.516548712201326,2.491946817171949,492,4.171263267257687,34.75040258940734,-121.99779064211334,2.2888672197263067
12.467432447438796,28,8.041068939561567,2.683700340541797,4641,2.769528336059085,33.41828828687675,-122.86779350066551,5.034833780300581
12.19182230556571,41,6.692991346269301,4.000592330368415,441,4.016627828222992,32.037450947112845,-115.57280876460531,4.24459208436159
10.725750591961974,35,8.627509367511927,2.2206349897773254,232,2.5600065305422515,37.32157484984835,-121.41493747852188,5.124439538648181
4.810031921219478,47,2.6414940544969063,2.4940730539531155,364,5.549118204160302,33.071566969269234,-121.15302031112445,2.8170329347273104
9.26322933616722,48,5.814711021864995,2.1928571094633,4288,5.352002315529185,35.91727763631178,-114.40063428201115,4.489525047799837
6.053634557160375,18,7.040745014893307,2.15303231874776,1785,3.7911587513983047,37.892717612370866,-120.20913276951148,2.1115996968261594
2.282149026572878,14,8.629223248946314,2.8667595960565673,1534,2.6239945769018025,34.756858969027,-123.90414359855606,1.6092473525085984
13.842390056471398,35,8.26775648039414,4.139597500255178,1760,2.4669483779148917,33.75224292366115,-121.16153851653864,5.277859979591289
2.9154608328654597,44,4.216553997707197,2.1279574036515463,3917,1.1670899735252973,39.747216226093414,-122.80700419398188,2.1212989716774935
14.303322953491234,41,9.527041356473635,2.8591462424198153,2454,5.0791042551264765,41.467911722816204,-122.97191438264146,6.185000149976718
7.24408082141138,7,2.994766731446963,3.518272964491704,365,3.25191606519504,33.00440417861966,-123.2251270986425,2.1799887461258542
3.591861003740675,41,9.001068948969216,1.7124775083664476,4841,2.625664642001322,33.55590324385008,-118.06740529824623,2.4740495584381907
8.586613263297014,13,9.767521996836948,1.7488526220607665,1236,3.3555517749887693,41.60012657252719,-122.10652276370142,4.06525746583742
13.221241702269715,18,3.4172281857810045,4.700359071605547,4649,5.09368995227326,32.37784221812246,-120.3875720595899,3.8683273942871548
11.251148409733856,37,7.776528513630282,3.7559055799898986,1490,1.623071038537606,41.77632336550472,-115.37982283869984,4.331871377073342
12.291856070060296,13,2.3222841502239877,3.09734004300489,1212,5.288279941209137,32.046444830849886,-119.75661860203725,4.027836649907263
10.222967133950043,36,5.24338260111324,3.4147402448927537,2334,5.48754417554177,40.73668655651331,-114.84308649948362,4.590351574566466
10.691871903249934,31,6.130266393581392,0.6318474939653826,2966,5.733539575169441,35.0732518098775,-119.02061946604394,3.924608466430347
12.88873912191447,2,6.645161807277073,3.281463345027636,3168,2.9874399621131387,41.38588858177297,-120.01163385160244,5.301914244848858
4.495352124028603,16,9.487497985988476,2.7927899295089085,2279,2.0857020201883594,35.169452886355856,-116.49611072909299,1.8023845587491698
7.851949491003967,9,7.3780054983535575,2.9558735590074603,734,2.8682040923334924,38.54306321534056,-123.26824901231998,3.9007311312254553
4.096932185474431,9,5.850223609753896,2.117407220738677,3731,2.6645604811570163,32.80032569765937,-123.10521617017582,2.4880267300774883
14.827352111953058,38,8.477400290127115,0.8666325397082385,1499,1.8807695625143004,34.42329811453739,-117.4802628607704,5.297563239488351
14.216830755612586,11,9.60426256763527,1.370026551254235,4886,4.03633335050744,39.736793464792505,-119.13059286760752,4.560872487399085
1.5519753591590826,22,2.1765291894583267,4.778351209457023,2839,3.3831208025431443,37.286858536788195,-116.09584749680789,1.2442600506443182
10.878052415219639,33,9.86017017804831,2.339148030219203,3270,5.328504961620018,41.27969061787044,-114.83729162656468,4.6037747483341285
13.953476443819321,36,2.6890571125094427,2.600074201238889,1965,1.1605479024102912,36.28751408341354,-120.11633122328452,4.541471409530496
3.5280548317826694,45,8.51509423415009,0.7371940543404755,2055,4.219339637775631,40.69812365813923,-118.03589973415353,3.6789167747235347
8.951233227736813,23,4.2426780204113,0.6690480329479127,4777,4.814744392557806,36.48955437478237,-118.9930337220469,2.939234148615003
13.816836166232585,45,3.057437262030974,3.7273165117104097,2318,4.797432845941535,41.79248278701985,-114.18389344357567,4.800959451701339
1.4752437002011838,45,5.518845117710679,2.9214259885450007,1489,5.4303698354776255,41.59834381398877,-115.68915592643405,1.4441871658552727
10.763883741455759,34,7.151652635580908,2.7891769289732,4979,4.64516871414747,35.291367055560805,-114.88262291722647,3.085147125827916
5.162886103215711,9,5.0476147601878,1.5940603869020091,3230,5.639050308238481,40.85923670416803,-121.45659912422396,2.1996081671917187
13.941546735271425,24,2.4365232662615917,3.8513782923346502,4376,2.6632829991044575,40.47611374215649,-116.27473576837406,4.257768154921265
14.594815432315148,8,6.795689117269733,1.2570646059882136,4214,3.5160470837577154,34.10680397327563,-121.34526775002351,5.560428368536977
14.219730847588075,7,9.219226208885399,1.35470634647459,1349,1.0703983164144533,38.2429040078327,-121.91257466571611,5.730737919321113
7.638999033204493,36,5.065722927578014,2.5732047710672394,3266,1.034787936516456,32.726823155898146,-114.55733840344449,3.505472264272883
13.068597113850387,18,3.7306622210466163,1.788259379503734,1345,2.2006331022575996,40.367107205834614,-123.80695583282133,4.685755702111416
12.823691579490985,3,5.540618767462523,1.6135834155491586,153,1.5040359856954262,33.74545883503497,-114.3461129633657,4.462284736999228
5.467406625405578,28,2.386901688390247,3.4035694004899923,3010,2.3010568396787683,32.70814701385765,-122.50738103011194,1.9185315941021175
12.604816638109483,6,8.563900675842198,3.4293728534834504,2496,1.885216472641987,36.002190955388116,-115.80561918206732,4.278952441118387
1.5181068860168967,44,8.610726487601493,4.210326814099682,542,1.1426001241932413,37.76922138599643,-121.24077446931896,2.64760184774769
9.347778298748743,44,6.704003707437027,2.3796885513783916,4775,5.546520732030247,40.54916958559771,-120.49297672569273,4.6033701549442165
4.220123722027843,21,4.824823111507116,0.8288829096176761,3711,1.0411156569444575,41.74242525521736,-121.83242288678015,2.230118774530681
2.6879364008819033,28,8.398266915566268,1.7314987321465596,4477,4.680410721685427,36.394925125698634,-118.1448595751892,2.419665338390051
2.077344822808928,40,6.437496198306937,4.910024584385676,2507,1.7607394345975826,32.604469229852704,-120.51904452492126,1.7909100730642113
10.748042862293957,1,8.607458468400129,3.1831635885471594,922,5.561148109998,39.49115579025871,-117.42606960505337,4.038473910763881
5.758249492752926,36,7.051670340664165,3.693816881604591,3802,5.463979697949429,37.651732562239374,-123.84352682057934,3.2652094933971174
11.14673480140266,21,8.27524378570238,0.5331102333143654,3039,4.269505731846287,36.47891344844463,-123.35625116484961,3.5277488971605226
1.9149887711851932,43,6.78850394574208,2.831925794821344,4836,4.361170749003026,35.092688787921894,-123.00338847268752,2.4248201952343877
5.414064729628545,35,5.31312854572533,0.6688789588931141,1131,1.0266957098484428,37.023985278435354,-119.81006314689769,3.2392584360949943
8.552878093254721,13,9.6635668794091,3.0615359544115157,2116,5.9243578305680105,35.38679604457031,-115.85203827340024,3.2487991796430213
12.07012430774549,49,6.328910599030758,4.643468823362339,662,5.389163017879072,39.5701186774736,-115.11822089621617,5.623806169136967
5.462535041048978,10,6.840716148324307,4.857886087251836,2638,5.47553112865046,37.43893696492641,-121.551892599391,1.171280430454188
9.762479270118128,44,3.763901115317994,2.9324870392501587,440,4.29622268525436,40.76847774154112,-118.25630275760986,4.214986083011605
13.40368847530662,47,7.005206315418212,2.561921623634972,4667,2.7239346432726825,37.43543914649442,-116.31635007307399,5.553497616230186
9.622084634552264,10,6.572861195863551,4.752576924118223,3875,5.468243245452404,34.382624133399304,-121.11170570080391,3.3515471263964036
4.2614326465508725,46,3.4787071835761996,3.531244243985128,2396,2.457584640755962,40.51091882232144,-119.90992263263726,2.379421963867282
1.3416109417915323,13,2.4766967788251497,0.7920467579228425,334,3.8135577167110144,37.572190449300436,-118.76025797314286,1.1619159016876144
13.181384234613018,37,6.834874557718169,2.595765099503739,1216,1.498654861719412,34.06841038143561,-122.65125153591953,4.345330344187934
1.29777175190542,38,8.109538154802564,1.5811025830893675,2008,5.609778150663751,38.23507809956222,-123.74017706274219,2.381712507041905
13.24582341757879,24,6.187210967376066,2.614119446519067,1517,1.7038522888560665,35.577167649424275,-122.47194190681716,4.736625393494883
8.405119876380969,2,3.8141810025571656,2.5495950740286277,1391,2.124484028652036,40.44405612292066,-117.73146378746466,3.3232007335559155
14.146947779180547,22,7.332175813544279,3.119651612666339,3588,3.790670790641075,36.532997386465425,-123.26381738466318,5.583078173300246
12.182965300831315,17,2.640845812876818,2.1054672065716304,4827,4.820465001064908,39.264413581074166,-122.10303635149872,3.9381657407373294
14.971077547466724,36,5.534669638415637,1.2392170225516763,3754,4.096756529681494,32.95536207636237,-120.62146114304696,5.66316627876589
5.909965416323942,14,3.3069340671873615,2.7667374556548032,628,2.1606695640007807,35.96024346302346,-123.22129935693634,2.2350564452877464
11.740636045035776,10,3.475672408479067,4.235912979555929,3424,1.0047152126374517,41.83241436472399,-122.08300728838366,4.661092595744179
6.62703279052939,35,3.618351593265629,3.4880550263042105,2080,4.785752901537196,40.084602894771486,-114.88730211016488,2.305319351785143
7.718258684254724,25,5.093656456351823,2.0226553966634713,3039,5.926036629555469,33.599408023669284,-123.80700867773015,3.0046740526877724
9.785076485057182,3,2.409201644963181,4.709853602414857,1429,5.049565601530452,34.77764049477255,-117.46568075825638,2.209856404455159
13.231479598608743,47,5.1823475274327855,4.6049340706213195,1333,3.3010330907830765,35.29815808856361,-120.15591069084815,5.259386051612871
14.777168568790131,38,6.093659576917607,1.4420677972284444,1853,5.518836306995533,38.50365560495446,-117.27351260567629,5.41865863172221
11.755827794103254,17,5.866354279730602,0.6773791330416334,2900,3.04923836559175,39.569947594896554,-118.11308279636596,4.168429056125665
6.848734950342672,12,5.0622728032243245,3.83588918757843,3033,3.6246704212173375,39.4952660880791,-121.76501245645356,3.3513985073456913
6.898998031878983,24,8.713172864566019,4.22424617607119,2859,3.385648836978416,37.09874056306403,-115.52790512426611,2.7981196259099677
11.326152222244481,29,3.162613539364033,4.8553905467810985,2875,3.2381193633276246,40.10820537838151,-119.08059617390643,3.9715764692376316
4.342880040756233,43,6.045573950250992,4.5042637733973985,3587,4.875953846469528,36.37078082757475,-115.77463981086528,2.312908075487169
2.546637583839525,25,2.4963313356524344,3.2024064569288666,3950,3.63384453634746,33.23880565295562,-119.93987463811781,1.1555888975356938
5.964710206970872,36,2.569245431023278,2.8852355264557135,2627,2.5835856101260806,37.64441841653813,-114.15314446084761,4.0079706336166225
5.021345883157144,26,6.5909267974167705,0.6252847306816383,990,2.2907908382923914,41.52301384601107,-116.29510641498703,1.7867443596818005
5.148313686383862,38,6.528147399102568,1.6099540108015002,2165,1.188736584837167,39.929936513925114,-114.34049794887426,3.1988454167828184
4.270508514698739,1,9.024268102755656,2.568266382798169,1288,3.91597580941523,37.78700647692242,-118.8567352109014,3.2888527377351213
1.5893046549090664,20,6.462989405280585,3.3282675503760553,4397,2.149807077005171,38.46805660349097,-119.263088677093,1.8962198451555687
1.2502350862677933,28,9.678328163238803,3.007633249932848,840,1.7406696100819155,41.305620270355725,-116.44546190674743,1.775992762432455
14.828113456304441,16,2.389558787199438,3.8418619535676073,1469,4.269149819138388,36.283427944349604,-115.1970873698657,4.228912657870349
6.988823872302072,47,2.7840614782459285,1.7589511889916838,1489,4.406046289107744,35.313941389426375,-114.35854204134442,3.879492917087335
6.380573060235544,17,2.352526892563051,3.0422867344361295,2100,4.76077446128833,41.77241565000449,-120.754480939675,2.8059832596530114
10.515061957702978,40,3.48221480266832,0.8966400952585646,1571,3.5178844816929575,40.634431335103336,-116.01295426157361,3.4930618443139703
4.055554430110899,28,6.330160887533425,2.3614948561244313,1636,5.4702730260194325,35.230435846186026,-121.89354402364464,2.1314670599998795
14.299456575303154,12,7.164577451419424,3.8757237482957043,418,5.681713766991139,36.637805973609225,-118.54425653254555,4.449461557179044
12.008830201817728,27,2.3646812635893504,3.620303840430698,2364,5.036854698962447,36.15078129007799,-122.201518515908,2.7683419755454977
2.2517540323716334,42,9.567767118764795,4.957892317274806,1994,4.177967410040936,33.49095678671434,-120.52602638249661,1.609729565415067
6.846130860988997,47,8.73732301320305,1.750510066944902,3811,2.518604767955943,41.57819323813259,-114.6864163279354,3.8327656693604446
13.307656305870307,30,4.372899857256745,2.741851846282906,4919,5.914724608101106,36.04312431219759,-122.53909300226914,5.182653873802396
14.226248312079743,41,2.6175002418117437,1.9828868619829851,2922,2.370680835959692,40.75329082637908,-117.67599104864803,5.08876169813458
7.543621157498176,34,3.359096585752458,2.4827140132662864,4608,2.013284609952155,33.89356227680665,-118.07045727072597,3.8419230014124643
9.587759448949909,37,3.0155553100397814,4.356275584412247,1375,3.210770568932914,37.478708106372196,-122.79261647291014,4.214789542840315
3.338475245289053,6,2.986270234391575,3.5789408383481898,3183,1.2842028535619423,32.2396138512427,-120.74020956231188,1.1785837365521734
14.87636076591767,7,6.1484935093258715,4.470985361064118,500,5.8924723233589535,39.64220483842308,-118.37018495484735,4.867906968844102
4.243403819368208,32,3.9667795399472023,1.415799987493489,823,3.942167782082124,37.809138982462784,-122.1282139101151,2.4302789097847346
14.198244837891759,32,4.865117732233156,4.4301250302864705,2429,3.7847604583208763,38.255895834697526,-115.99376343587184,5.155555768179775
10.09505308589316,25,9.91604266707458,0.76893023380273,1235,4.2789813994985995,32.51720882554653,-114.2784349046525,3.7688316399990205
9.508315128304028,33,7.474513991402758,4.498696761967186,2870,3.485118238886033,34.110383302086156,-121.85240600037528,3.8873201071885246
8.17763915423112,7,9.59184533637601,1.9808320075732757,4946,1.160317585472708,32.743308723535804,-122.13088035209424,3.7862182784659244
4.229377364048622,12,3.1404524402649248,1.9156443503632992,367,4.061556444201984,34.88914315803812,-119.45064928202555,2.38444636813357
3.4713924480771157,16,5.057115798660554,2.804398595143988,669,4.580869384782153,38.27439007682151,-116.52234722859968,2.206991332934794
4.0868069269824545,16,6.437854426258834,4.733105844754543,2656,3.0837453031202657,37.66185984317375,-121.18399389764748,2.120323577295522
3.610135670019563,43,2.614064495109904,0.7150161410663242,2073,4.786477860355965,38.1214982161339,-123.8012009130272,2.897382164695826
11.914182629934546,36,2.033499549023663,2.085039387818354,645,2.135006496692103,37.49251271377894,-118.58779371967105,4.605328608523417
5.901753628334221,13,7.36347467037534,4.354573949075011,2922,2.10638295533092,34.730287956758595,-114.43399432232692,2.5048698323125445
1.8097974718875491,7,7.134556134411483,2.2822451484596002,4560,1.8070849384378698,34.44507497344425,-120.08723144593054,2.0216383816011696
14.56743682197136,36,5.286310479996894,1.3962060391868016,4742,2.859973798945809,33.37059683536581,-119.798654458169,5.909181122048144
13.37300238948796,47,5.917152608256261,2.411573815991353,370,5.235060176945417,40.49070874903492,-114.31098282885962,6.07403883375179
13.988531964732982,9,5.323544004736717,2.234986256712512,838,5.139560310745321,38.16479358541245,-117.05392388373272,4.203361243295065
14.928709517050095,32,2.192040358759111,4.619372906600166,1357,2.914121039817519,33.865110125040594,-116.80828077157875,4.676713931196273
3.4345334890728223,11,4.682972849739699,3.928704690843937,158,3.945593679901183,33.772093798212396,-118.37297994628932,1.113519559951171
6.547388264637222,8,3.4166580431783187,2.7730200008480286,4281,4.604081582374578,40.730356015261364,-114.25390789136759,2.418119596063975
11.615338659857278,33,2.78739351281095,4.94766755024707,4958,2.206033873140115,39.427308637633196,-117.11133515574444,5.088132338307072
10.744288652753092,23,9.653763471114798,2.593748890741655,489,1.8407054294737355,38.593990799053714,-115.0496724839483,3.9495020623717587
3.154542688757971,25,6.794877800337325,0.7620702386912386,818,5.860479966061555,36.068641075392996,-117.00621134266778,2.540429577628088
12.42166374986865,8,7.829250273892821,1.680234448167432,4344,4.087786566048092,34.61975564278517,-116.64884175159604,3.984128157817421
4.142168005713249,45,4.52290994612894,2.462317160986907,4778,5.90707860916832,41.79450763112824,-121.09589077857754,3.530585239143041
4.133446607516723,22,5.145177035952122,1.2060618086575405,220,2.6887799356611453,39.972395750228,-120.9652130198618,1.335922765291968
8.51764192050779,4,3.895391951173788,4.764043068458194,2752,4.515158499870657,35.01779223136276,-116.1701535042397,3.1567797822275696
9.301159087783844,40,2.775725367723398,3.950820040179979,2403,2.1130181827061887,40.47564796278495,-121.032937108301,4.110566972625782
9.121206909729356,3,3.4322530995326703,1.7072924019249769,4961,2.3060008563695646,39.58931948614681,-118.37229929198469,3.3642252572262015
2.280815723568568,29,8.380112362371886,3.158620400830621,3011,3.5595106063481197,34.97080549877998,-121.50647689093299,1.5057001482768588
13.284452076825325,41,7.420366441470207,3.7465212069930742,899,2.598090627540356,36.2655285424164,-115.83016619190931,4.83187447079535
4.718400596241885,29,6.375431007883815,4.735755180080591,3480,1.8381078192029223,33.859534453910264,-122.8949864877231,3.0324758343814464
2.8132088979592584,34,5.800718982934145,4.467359071289348,2206,2.3144035099466302,33.110524443781095,-115.70553360238335,2.4048699302342103
13.442473118165681,34,9.379474269248995,2.8183650176219617,1209,1.1787419723293233,39.227620328396966,-117.97270199492398,6.02715151504585
14.379120975216548,28,2.581879582229347,3.985936789068579,1350,4.522118107387433,34.67511857353867,-122.13090465172922,5.510613406392405
13.069786641716309,13,4.244806505903328,3.0296513922241326,2740,3.460583285429308,40.200593657462534,-118.57964614493882,3.685893235711065
12.333225046148293,15,4.799502828565712,2.9871675052049307,1749,1.471215332022628,41.95608711514426,-121.1750116315266,3.54757389713715
10.173387728946304,23,8.259406497702303,1.0163388125218635,1445,1.8584699656424561,32.766198139296485,-120.76532665269504,3.95147812399954
8.71200318852795,44,9.940116961295772,1.0676194610726844,3056,1.5126726905632202,36.730351250837,-120.4847195840312,4.1944109769375135
2.2178146387597417,26,3.9253641180572245,2.8829012676010586,2546,4.062964041379383,40.02062559310803,-123.36680753027679,1.1406346307499504
6.718344982989782,4,8.994458673096645,1.7098769524055297,3464,1.471051818062469,39.88950896541233,-114.14038315598583,3.0482045008032554
6.217639238172396,26,8.64498208345433,0.5946660610721088,584,4.77141166517608,39.59997158330968,-123.68465371868776,3.7776819233844363
4.636552972644567,40,3.797259181134133,3.7527764175509555,902,1.1025545966019559,35.48994935301911,-117.37503126815722,2.236055384727451
11.12788159164019,9,5.194660641593781,0.6461896851057423,1815,2.2468789399794606,36.53853255685053,-120.2877235224257,3.597862439062218
7.942260291102791,5,5.277382954340153,3.1787457849682452,2015,5.453333379459536,37.9496835734147,-117.539897090533,3.2579406439614127
2.134647022707071,32,9.825765348212467,2.9263720735729146,3583,4.59265659061123,41.73940583573257,-120.43751746912416,1.975669793740119
4.082564827297359,20,3.4471352110311866,4.85966610760012,1857,1.3648416646284387,35.27547270938493,-117.26249353741142,1.7801621054793797
10.565622691234342,11,8.393263768838256,2.6789591270643873,1909,5.105630522425899,41.23143887716858,-116.70764490531639,3.9288286016451126
2.0658320328642024,15,4.673541713384879,0.7862064637000881,3107,3.465175607701024,34.69356918180494,-117.09447359600355,1.5177786377973637
12.916896796682762,32,7.846962766209283,2.9825958551290777,3325,5.233915135844146,41.89074465473705,-122.86038018641848,4.643683456372818
7.9320513781956405,28,5.360088034365303,4.284932767772457,3595,4.003698872251967,38.70263686827592,-117.43106765345316,3.6245136914451743
7.728212082573072,22,6.62687810493232,4.985821779266479,2420,4.409165160164294,36.63511480358551,-121.20012450545903,3.1554719953229813
9.293708985233247,41,8.660894186609049,2.4365442816008263,1770,5.967507801978541,38.133904280636045,-123.71198629430667,3.970216785036926
12.545533522952088,17,8.433324519871073,1.9413443412353413,4715,2.1616777296200906,34.725311690402066,-119.85169328111046,5.115391784985656
5.869328910630703,26,8.9313854683176,4.579939836283995,1251,4.119727873806942,34.74173857511467,-119.66456897196198,2.5623046636678373
10.49222613582689,44,2.476938602757272,1.360589580842546,4847,3.301606950286992,33.13554543843494,-119.32825866647553,3.8467959229838087
8.920247495941075,7,7.536404424317959,3.2694301176481697,2323,1.1972597646134573,33.140502977053984,-116.95175834609284,2.8056047359527527
4.7383957823718985,42,3.119899013774103,2.325714908814265,2767,1.0723532075143252,35.47671741468911,-120.91156190857541,1.6054318105117877
13.300819808972212,26,5.326548544147288,0.6848706422999988,310,1.5961428890892932,39.62855477896372,-120.84719486896077,5.275799954595314
12.163964302496993,25,6.388707320437508,2.06279813437564,2594,4.245458702692741,38.07971167598163,-123.3944774375874,5.2677284406296465
10.218325685217957,10,5.221915877974646,1.6935283512620356,4781,3.835815439566961,33.02584560331021,-117.13178784007704,3.477713013457734
12.908144207319387,45,6.15689340642406,3.5874101927456907,4362,3.767147805818637,40.52236524975911,-118.32173908600416,4.809525837607142
13.142118813437232,19,9.972210470388953,4.769557239613632,2607,1.1592838126413003,38.013676269900664,-120.50574887306212,4.175231439465154
10.917081674010486,11,3.081738509702838,1.7062123432038698,3063,3.346514981800035,41.6085557678478,-116.94811021082646,2.631312196065392
12.718186597091409,13,7.4036483626914045,4.151596726182568,3528,5.623114089212643,38.70185467411208,-118.62642250773123,4.971606251945109
10.764600463369971,8,5.168007731084922,0.7491191762228429,3475,2.9879593465532333,33.75174863704181,-119.3075505412946,2.881721052175521
10.521970804644205,40,3.0640783912586302,2.921544545179159,4055,4.124612348942282,36.737833623078224,-118.88675456338873,3.5449550679614026
9.66055929501258,4,3.2698941069944762,0.8174752866945256,3805,4.899093378115718,38.48497597547204,-117.63651874732943,3.4059990940544984
11.538032953806978,47,9.594184849964936,4.703148460087877,3505,4.919626395709438,32.28264701049978,-117.39997395425401,5.170524579476695
3.220471474103032,31,9.036811973694096,3.948580762508256,4138,3.5964004119763566,32.149102641548076,-121.11042180859283,2.4547447932502675
13.332190628784998,28,9.256335683320174,3.4607746004206654,1152,5.289759727011681,33.29403000598568,-122.59256636608846,5.315711751190778
13.205809388433249,11,9.932262206619093,4.207533717310989,813,2.956890466818735,34.516644350454705,-122.43365818809481,4.786128924428908
1.409461962483828,43,3.6665231200681436,3.4138390800657343,2988,5.443466073923991,36.295491235206754,-117.60609114096998,0.9098661094217838
12.561434507906677,1,4.843514698912494,4.86024978728431,787,2.2011358319777266,36.874404737597885,-115.27126714232874,3.712697610262878
2.804178144628233,49,7.353752239398934,3.7128107653914717,429,2.4010820349528554,33.38027608937897,-119.90503721654449,2.2264641910282132
5.691663959627986,47,5.870420318885178,4.66096374312011,1846,1.2656031209950056,38.73391579115831,-122.30479839670538,2.0563221314873816
11.409115588082509,38,5.347116267026668,2.827093514047871,1307,4.977909182711414,37.96138061696535,-116.43397501706146,4.1829235754863845
3.250638544676315,24,4.862489994684744,1.0267898584183819,2242,3.085276181163528,34.9446409884116,-115.67510525580552,1.7039918151270537
12.451538337666872,47,6.750245055547618,2.876799746403577,884,2.145583069556995,32.13659883435292,-115.19417556879034,4.862163641607895
12.649878491408387,31,6.604747429120656,1.0709277262839199,2796,2.1589513880828983,32.776479153532904,-117.93168571086267,4.8506146446457015
8.104548272651707,41,3.2916626725139206,3.166220656293823,3920,5.506999706146166,35.916947755108396,-115.39271440611915,3.7565835916828525
1.0894022040356701,46,5.7739187001475125,2.671218772374483,3818,5.169583002305185,33.53974351165684,-123.84585041551593,2.086394556249342
5.018533864448779,26,6.427774209678799,3.3015892902475175,2793,3.7676544267859167,35.768196061479706,-122.92764198230476,3.258934689778906
9.636976857260391,49,6.562295509851124,0.5452114147467422,725,4.080554002078605,38.28182604510355,-123.07423932947901,3.7461108557453824
14.73660649238393,5,3.6808575432988144,1.3767822124491385,4334,3.371627852751455,37.472374278792834,-116.87395315745268,4.609856016973569
9.845389378233357,20,7.938171138018294,2.710986943604589,3808,2.9583327143940443,34.31175883137394,-123.30418216456421,4.6256743326251675
4.637250134898237,41,2.201592758568557,4.777266027151107,861,5.5773844060916575,35.43822491258752,-119.03635627533693,1.3196030576804736
9.876079843394558,11,4.838654844345301,2.2262406815982128,4079,1.6280635176015104,38.14031198448651,-119.2729310136371,2.9672627772042435
8.559795316021976,33,8.241701188285068,2.409674117241356,3629,3.0922339485811396,40.608550280434486,-120.89296476441758,3.6237571742872543
11.91783553211601,38,6.511143368443219,3.7161324005298,1655,2.7228095399393766,39.53213438738877,-115.295948300579,5.822820277640034
2.4977289435774175,27,4.089299460086882,3.217067407787531,3733,3.490753601255742,37.53400026833415,-122.29566798120004,1.0501289066451702
11.654390635028392,34,7.559624954744382,1.8451676754424995,775,3.2881593727258753,35.62292998316486,-120.47537215600761,5.381931623126459
8.577732101465543,15,6.539127553248587,2.348673780053425,4287,3.5944476582554072,35.65051277541805,-116.25828499977071,3.3958502499268457
14.481888054025925,32,8.369948875651097,1.479649094857546,136,1.6995948861349706,40.79417310264396,-123.69577685606716,5.17435184097857
5.786210324541605,21,7.880201489518587,4.847096566085939,3936,3.5657075075663855,32.39243576040546,-117.27049599753632,4.101440491178959
9.856706503875273,46,6.880863376289877,1.0878547170081188,1887,2.2120940694360542,41.87982644420261,-115.8360227363843,4.608029554894066
14.048393477140245,5,5.905421402486512,2.1732655305488873,2827,1.9216567449409563,38.64375410851562,-114.67732161161832,4.984498065793337
2.4351361918695096,6,3.0654570053401873,0.6162753749900504,3980,1.3241710939309561,38.81137699072391,-115.23703359508515,1.3935265634487253
14.121198821310315,38,4.09066414308307,1.4980077137009589,1994,4.813262793780705,32.37997837304742,-120.80615883166315,5.559003766102411
10.630400112211387,22,5.352795783336682,4.012120122710697,236,3.1372096042827997,38.05529274891272,-118.13635858677047,5.03983028379258
1.9497188274724067,18,6.7943942960511094,1.4052885452999575,3176,4.133218416558792,36.84778060090447,-123.22706506849534,2.44706257471663
5.213489937255428,14,6.109662841722439,0.8602853113803453,3983,4.637966716523717,33.05778906894067,-121.42129996451992,1.946199928015452
10.914409241033942,10,4.305476207676236,2.635039309300355,761,4.396583326567768,34.77922010769359,-123.05777621252493,4.7824808840989075
1.9429084205628038,46,2.0517148623176844,0.5448615563053332,1910,3.3525035954484115,40.90314456213651,-120.84812709846037,1.3307344581103884
9.150386442467825,13,5.9699137752065115,0.8814476949184993,514,2.939492644758649,37.499884158659526,-115.24812786541271,3.719155365956278
5.842362797341394,31,4.285007908497945,4.134316413033388,442,2.8797995482033185,36.13416575173909,-120.52833160325707,1.868734750186357
9.69281724874468,30,7.8768664056842805,3.9716300518682286,2829,4.200243984650282,32.72682155840811,-118.38101896998573,4.615253519530897
1.64038847337518,3,2.191570122163868,4.6181246918220324,3550,3.473971774709367,39.141215274023054,-119.6661915188506,0.3866866989639143
13.201515286133269,30,6.678622490446327,4.345319461598373,3765,5.245661239942553,39.02850823396032,-119.41083475701265,4.436307043515454
14.628845568483557,6,9.531793900048523,3.5742900345791813,3837,5.373509921633561,38.14043606972564,-114.30427948163441,5.877369065838313
14.564289973999681,29,3.395274136891996,0.7354978578529827,3997,1.8528018900325924,37.102626462206494,-121.03845531736143,5.970140210449065
11.495125644400947,8,5.773195926004763,4.022818780939959,4341,1.6811682577286282,36.337844022073725,-117.72675530476829,4.71976773773311
2.8212073618288476,44,2.7313759345371054,4.304798648782522,4518,4.152004630179998,37.932710929879924,-119.79937330420553,1.0227846448706268
11.615684743006316,45,7.005455298090821,4.095869655973795,2269,2.506128740311397,34.33395451728407,-123.38853818952313,5.6672289299371466
1.3442168304232212,43,6.404253444769805,2.7881556588861174,1978,1.0928535938254944,41.412590641776475,-119.10669168375765,1.614024770411075
1.3097297214059616,44,5.258924193702659,1.5480582739226674,4070,5.443213346814775,37.887945291802296,-115.86656670954892,2.74716015755787
5.530543068093578,33,6.17101617178993,4.303984890599271,4796,2.134503836219041,35.111924443543764,-123.01247031318312,3.033542142109181
7.84100466566532,17,9.172597267752082,3.7722326438306233,4670,5.646403258429046,36.49679850885157,-123.30408152603691,3.5466151245125195
11.785703849309105,48,3.5703544184885363,4.913425284749832,2717,4.587172254391268,40.05684788876892,-122.46368479606733,4.611335868773289
10.566135272491072,11,2.180516093642778,1.2006166899016981,1615,4.813267449557421,33.61616060730297,-116.35599888610695,3.541029894946556
7.2426378892744765,13,8.893319077592807,1.5154906237342478,674,2.007307478965802,34.9283562246026,-116.76004615855263,2.906591585567108
4.830773327943322,11,6.616936659103252,1.4530916744667621,4542,2.1709721280840646,38.79508022736555,-118.34982231093889,1.7242391567885642
14.959743002207956,31,9.12526764369474,4.066428954296015,2967,3.606338769120329,35.15489206482224,-119.31773595907367,5.63579723163902
6.9665382313036215,28,6.775561787305381,1.3410828340255319,3644,1.8604992632493107,39.92501681861466,-115.11674185297377,3.8559077746447326
7.3194183406154565,44,8.48128871967762,0.7999692342048774,4577,2.5271584634151614,33.30453487177361,-116.33302176166518,3.1856434295236795
3.2907334966833686,6,5.4373869068411835,4.9935236296353285,171,2.6073123897390222,39.62686170454609,-115.88057748698195,2.0716156735090583
12.12733368249901,41,7.99887945030615,0.6116774515031711,2668,1.7981496662638206,32.683517148505665,-115.86737698649345,5.299199050385388
10.711551160940841,16,9.304331735118847,4.258598270714895,3537,2.0259141669758036,32.12592612667495,-117.57282845254441,4.641705917689022
4.0907745790426455,4,6.57698370977765,2.1441507869779377,3080,4.942759210041283,40.982235188321624,-119.41985375684054,2.274303452354566
2.1533346386217977,35,3.4462812044990363,4.287269568910169,1217,1.835979272736342,37.81339216932299,-115.3532224741435,1.9404375208700053
10.526990229045984,48,4.150380920241585,2.995792210450152,2486,1.1422869592196125,35.518268970868114,-114.7399258239675,4.394546344235302
10.163156999935893,26,3.5891566151792462,4.55734053268862,3608,4.146774713144692,34.3259463696385,-123.76193956741658,3.726167297190007
4.82563337797493,12,3.9748562207658633,4.66786843886582,1459,5.87991559696225,38.16885783260816,-123.48445126733749,2.2988305515026277
14.312089871505744,11,4.451323594808291,0.540941815763492,4859,2.656069073115607,37.09002183536738,-114.41256703091562,4.411064849428827
3.1148104849326033,37,6.441070294025508,0.8393547919675473,1615,1.5932785159812615,41.91597775529985,-121.22839386155805,1.6793531569963576
7.052687214596427,25,6.703933035710662,1.6266142830688497,139,3.851936626837654,41.83215986653746,-115.26630560350581,2.9725252925344816
14.210622882346385,18,5.411997977934889,3.5119193736357577,1482,5.531771055478231,38.350245661416096,-120.11204881038597,5.13283595480928
6.8761824369657125,19,6.923366238566683,4.497224884301778,2130,4.920308899142394,36.428705061058906,-122.80899942390644,3.870765685701187
9.939363267297198,23,2.6525994048909274,2.5697387808228322,2721,4.1125793420635794,36.91140969134662,-123.19556799790666,3.602573341860416
6.56632157147912,38,2.7023058964652797,3.2313790232341946,2000,2.575282483037997,38.82479066236862,-122.43492100919543,3.8386343661750084
4.83901283288138,18,3.3746356828612676,1.348249337580025,2317,3.7094008663811,33.01574544235381,-121.50106805132636,2.3394838002339573
14.775687071437595,26,6.144619984322758,4.122350752467584,4896,1.4562242065212767,35.283520738107185,-119.11481646069174,5.134319257055489
6.730676088410602,6,3.7119574295865085,4.852976501090614,4706,4.394727121403349,32.752722410036036,-116.98502099434216,2.841284068687761
13.517388851507881,4,4.266275227940619,1.7086951981156886,1383,4.625480094488254,32.7336075951692,-114.136014235147,4.3549780060546155
4.219364482475207,44,5.2025026893839525,2.7267167822024585,683,5.825158114549594,33.95839241894234,-119.5849325671083,2.655328498791781
3.9834658563511662,29,8.49492899208304,0.8875224972786822,558,2.301986793725358,36.85253254593227,-118.8181505765689,1.911970879611285
1.435877160383159,34,2.110897087302881,3.0161149540833576,2365,1.092282095215113,39.84774321162789,-118.78184298616745,0.416715224229948
10.12333555526239,17,7.195030561892979,2.7625254883100627,2766,3.728042322135753,36.85495891165873,-118.60565644512064,4.23520521375627
6.159368812132656,43,7.351012248325483,1.1499641786978492,915,4.533952521984072,35.3547661056087,-118.82259342895537,3.9372781365132488
13.101015497754918,43,8.389246242853092,2.4892979590313375,2611,4.95203737941494,32.82352990336758,-123.91225244938082,6.477598126936855
7.6249386936818,16,9.462023512482507,2.0034709343895347,346,1.968694665124053,37.502955231831294,-123.98275177890159,3.0488241919614056
14.554707990806104,2,2.1611027915943186,2.848238938873352,4925,2.3087643451851183,34.71268586483177,-123.02333681873877,5.211982791953018
3.597357219843696,34,3.2302696441057295,3.1354445094295964,516,3.5629546263364817,38.14934177917147,-122.9844339657082,2.5826853548807
13.160724351378551,8,9.089370352447943,0.5382301037324428,4563,2.653004049850009,41.77187739132418,-116.95103091045203,4.7446614059533605
11.872355939084384,13,5.668148497496123,3.924526923272999,3817,5.302557432937225,33.113143214775505,-121.95083967484,4.8863387300394665
11.792905825016728,42,6.516725111467708,3.708564313377834,207,3.3688007686936015,34.1212539872194,-115.05285895244387,5.316224231125497
12.826965193636427,8,7.304217629785179,2.14828873792935,2731,4.997893220510015,36.730945380993745,-114.71393670422981,5.2021884234427676
11.654335873201985,30,7.432532835965099,0.7382117100596821,938,3.903098802411769,41.6861381534593,-114.24106662104101,5.886323649425721
9.767084502839815,32,9.453923226532066,3.897196429032727,4613,4.86545070808556,39.718097762699955,-114.6091869511298,4.870988775828514
2.837428287553426,36,9.975595339293356,4.798288222151596,1521,2.663364932651619,40.9822919316283,-121.28111678081476,1.2604245444067126
1.4553665128775268,47,7.761259687447522,1.5806821820990637,4878,5.1570831096515555,35.33714848475793,-118.90223155296488,2.2349820615018334
13.891869869419615,30,4.2977696736412065,1.9558607618166706,4012,2.372861577755108,41.920384737785945,-122.24545029803059,4.316144139564429
9.633104403290332,1,9.038019218354748,1.3271580026681673,355,3.730494040016454,33.02832816064157,-115.93790344827568,3.8231003778277386
12.151522073666468,43,2.393767316326093,3.0962125550517787,2927,2.070035565869371,32.52972906046101,-115.11568294855904,4.636836656707613
7.741312921175701,39,3.8486468229959696,1.1967862759135472,937,3.3776326081309667,40.55602627054028,-115.48711160702484,3.135571793475669
2.6423146454735225,17,9.17908573970972,2.1028727455762075,3062,2.5908760475435155,41.27264870206986,-119.66633051303165,1.4316577587475265
2.7526010908357064,20,4.04953211551484,3.636558562704183,2382,2.3335171531860714,32.905853575461016,-116.4132611531322,1.1837396602933694
10.597914021205598,24,3.7652084769739878,3.0205219235420677,652,5.834925090140187,33.134274267458416,-123.0242083042373,3.7162886821679315
7.024282528592478,22,3.105002345121978,2.2390815394757086,280,1.8003705274336532,32.331741577557736,-123.5975522938075,2.6799784931488495
3.807346173804714,29,8.872894061175332,2.3911232081339384,4352,4.936629187286976,33.04507562642724,-116.4676358569124,2.5426540509206816
7.882323654380116,22,6.000466073528694,3.0294989718045326,1577,5.920824797416074,34.094198168002805,-119.74644725671317,3.545894167847811
1.8989251190518772,44,7.399145624433238,0.5263912754922259,670,1.099507418700389,41.70076618910001,-114.04450735260431,2.0069963798732986
9.147599626801583,9,3.9125310726002374,0.8532944080412443,1827,4.495137070210475,38.678602222396805,-123.02745784144467,3.9126924922344335
4.765907662091367,37,8.064323368089731,4.465661304933553,691,2.2645590277814356,39.78553025518542,-115.44372318464767,2.7338023163506593
12.165827408920634,10,8.080044359696789,0.8504554509108084,4616,1.2024391216415222,39.76139403691522,-119.20016934471008,5.077475295387014
5.345067424930033,36,4.500784199266401,3.680616182947273,2360,3.014447894783154,37.350737497792146,-115.72849804496123,2.437327429563132
7.3730820871452165,37,5.285461064082263,4.640171738490737,3047,5.676089050854375,39.97488977713017,-115.82872717829855,4.620316730295683
1.162687558713409,28,3.677522219441607,1.71807621935779,447,1.0588254718349885,37.9580753238997,-114.84007998637922,1.4242867661072254
2.014256429123824,28,9.812488186583234,2.167211466767814,265,3.9394284596489086,35.145460976033576,-121.02149988713897,2.8548144747153823
6.494909789693588,42,7.164820616467293,3.0601463263012234,4543,3.5069823929766217,37.611101087684006,-114.50200646537996,3.004976687833349
7.719143686039729,43,9.476351045724124,4.467690363373631,2996,5.3669208218552376,37.335085861345135,-122.4833303964238,3.6764185530625832
9.400287673670253,21,4.427084349033065,4.738575142671891,4593,1.4200085726031282,40.23453053759321,-123.18031222406509,3.319797153546082
5.083276101930245,24,8.255127303975119,3.828034616500706,682,4.407630149433252,41.81727217381659,-119.68384482627651,3.875593793535593
10.729746405771596,42,8.126869151077937,0.8897889238461232,3606,4.400548492166386,36.11042565420931,-115.71677031358158,4.720751381614166
13.041713560648864,40,7.533245214932332,3.5111936999068285,4503,4.345400084311416,39.6339067844136,-119.26578869366554,4.8785618572141844
11.917913844506897,2,9.725111802134403,2.3463667484269792,3138,5.711672474675185,32.99763004038134,-115.70713322469486,5.121020222917754
1.554663554877,8,5.148442688850524,2.618154497709777,2945,5.115437645034402,39.768313694482885,-116.70313194205694,1.0397377833307975
7.727097261609606,48,3.0457385887180584,0.7211677565532967,2866,1.2098636312175302,35.71416911993232,-121.90571613861067,3.437584919201615
2.469022497854448,27,7.373670873952486,1.3597796270586118,4294,3.3554142535225657,32.39390162889687,-114.51118375100536,1.644943699659723
4.388630222075385,22,7.834478403817649,4.057311233901415,1365,2.9897652810066675,35.63246178562177,-123.39218831370597,2.581585624410317
14.81327630574005,37,6.600484587670517,2.542814748715369,4353,2.5507361054540105,38.106427509216445,-115.01720292456206,6.248218429858149
2.994937600621185,27,3.65454314506717,1.8574800873401698,4749,3.2566836257704863,33.192501676814665,-120.95556551009626,2.105104310710132
7.984434148318985,29,6.035647533354843,2.2280858328423117,4846,2.9209709246298874,41.24034492430255,-118.99851916835601,3.227823817441373
9.654180280453668,3,4.497517892553035,4.344797809965561,3067,3.1616694993933265,32.77672413272838,-119.77648127299265,2.6949146390653325
10.834509587617456,44,5.4197322253335125,3.870495578322306,2374,5.896309328043213,41.30006719833166,-122.28165443083084,2.469240741520535
8.835081568816797,13,7.161748606757311,1.7254192873148724,2570,1.4431648737479037,39.07137517935686,-120.41853133598306,3.0676940128669106
1.1367918638685712,45,7.961717941526676,1.02875828095568,2390,5.611154349193649,35.29712175414203,-122.07065563707205,1.7997041685947806
5.570458315415887,10,3.857797527210745,1.6339919973983226,2677,3.4011835673551336,35.907503477090934,-121.96113524539476,2.145697731680581
8.247963007385959,36,5.242602885175627,4.643404029746302,3760,4.118711227497705,39.40809364732744,-122.1294316397362,3.351073352844651
2.2301309880276667,9,4.1532925679330335,3.1171497703238993,1168,5.1509148330884695,38.01471100881207,-119.10982619653406,2.508949538490104
5.90877703692853,27,3.589052910894953,2.900660939351523,2836,2.802315145746278,38.71642921454945,-116.02068632488684,2.7721879238167935
1.464843523079132,34,8.267097759966706,3.183771198616077,4929,3.1521095404398345,35.8916461651348,-118.31029966238759,1.168152909925592
2.1000989601702904,1,9.274021555495938,2.1471271958593188,2050,3.04759240139357,36.87813481807599,-115.06793411449158,1.7978591830186335
6.556925866822345,32,4.961857485476614,4.131981591437807,191,2.873655112678799,41.89867484037893,-117.63455511423275,3.0924027894080517
2.858020556602845,25,8.010231394990136,2.854788121851124,3193,5.627646608234475,34.13922870499718,-117.10659884367395,1.490734594377908
8.945571875661814,29,9.175962314915289,1.0253655624595799,2319,5.144649455965061,36.17856186522131,-117.32392770272997,4.2744022927332725
10.65250956792172,7,8.768993684241853,1.0807930617307833,1487,1.5449999493148805,34.91823187573967,-119.5054080681626,4.423688217305964
12.20821378752716,49,3.4625071083138073,2.9158661592617827,4374,1.54061676238548,39.6511151043985,-117.10661177799918,5.355173751350298
3.8021034194273415,3,9.65033505210689,4.714565981318776,2385,3.139347574264956,39.640126256657204,-123.30292253531039,1.0421001052220908
3.3447561516269766,20,5.0134115234357,1.8875845475428943,3306,1.4932868836640454,34.92445460997396,-115.40148528084337,2.1344277760612718
2.4639497646816038,20,4.713925289390691,4.412935259866482,3024,4.095465476355598,32.81390316632983,-116.22187856556083,2.0948830229846855
9.910023493610915,30,2.4994506182222427,3.938430139604957,379,1.7184580363086694,32.11432676672204,-121.54770041768322,4.569873892429273
10.890660170816616,35,5.889389232839064,1.6151559930810808,1718,3.6118663198340055,36.27450533242485,-116.31967545745917,3.8623454116516203
1.4422060275589885,35,2.8721089251274297,0.663533367423091,2887,1.0360997350185888,36.10337594335771,-123.87357398599981,1.3137198960925218
14.106971447411658,49,3.988318567419408,0.9583126931407223,470,2.5829817420632337,41.88389878639863,-121.8275342751912,5.5384748920747295
1.7275979711206138,39,4.535540974138251,3.778222702313481,3283,4.385953618363278,36.698020756976796,-123.34862761329104,1.9006817219254781
8.578148694214986,27,8.470610587933471,1.39851382118291,3934,3.420194701139242,34.56418369575421,-116.19773083382105,3.8082654272346037
10.92684727231283,26,9.003909203167172,2.170719142274272,1803,5.891347429994941,40.91229441031467,-116.44125848821614,4.232212359277266
13.193567732445198,14,4.419730539691757,2.757646247028912,2368,5.370518980331054,36.910679496535785,-115.86363976198169,4.650749247643735
10.997217049853989,17,8.869584969956591,3.7646067580257325,403,2.795353895215756,37.99175635210578,-123.95518306674471,4.169142240971837
12.224193162977086,18,8.857847498958328,1.0095405046660642,3874,1.2274327073613729,32.956687104282125,-118.98767273321592,5.143660438898276
5.752302695599285,45,8.117207603078988,2.3286488237485767,1448,5.228131500575094,35.82916407329774,-116.95163802482664,2.916195434377319
12.40755159245117,29,3.1735609121214523,2.682828091142129,2522,5.556171551573357,41.44223674473787,-122.44598871260985,3.974325336366423
2.1216078493854518,20,7.522582775205832,2.9337217878719284,3728,5.103136967095184,37.895053841754255,-117.50209272487375,2.299774652055103
13.527433184847387,27,9.56019251664455,4.182622886278475,2528,1.6397497045988243,35.44501855142462,-123.15889900690314,6.481381869706964
8.666293266152307,18,7.4603238301372565,1.2725518776944762,3133,5.989575672061439,38.25667180631593,-122.18674143895687,4.553428382336315
12.442168779474912,4,4.652934792862672,4.1352415332198005,768,2.292921107763869,41.10411089578116,-119.24203185005399,4.035219239993489
7.332455983256202,1,6.00463453944665,3.6179529246349347,599,4.62102456404185,34.7399060047259,-117.46434847318898,3.1668661884803684
10.01008773275135,1,7.165800346808429,3.001418663895317,1514,5.540174381678607,37.05116718470674,-122.54130873046104,3.2463940302047973
8.369637253105585,26,6.0845632698280285,3.6478754168115737,629,2.178435571653547,41.58690653911755,-122.14776669169062,3.7110433766000637
11.242253304574646,45,2.9596235338477586,2.3540798252824535,3721,5.54129277338533,33.723961432984524,-121.95553632934337,4.1590329700330555
2.142819748428254,20,4.496512357216165,1.1227891368565606,3556,2.547407895974335,39.19663925596711,-121.61299195301021,2.0646097623773203
1.8449291758678932,23,8.41916824442906,3.495943581194153,854,5.882066111920281,38.14481008202982,-121.73446151473709,2.242330757105488
4.45944527614205,10,8.89134436876414,2.8610253800853003,2447,2.406300101902373,38.79675131140635,-120.04850891502363,3.321893806263502
3.233625521584637,11,3.098400261724562,3.3771866024424897,826,5.767179123789176,35.5121963066757,-117.46210349163277,1.216415808759473
13.204969932290824,41,9.619094019189797,2.020994514628205,4926,1.2677232544633745,35.13879373483765,-119.6196821686553,6.431867506420817
4.068995823012621,41,4.630580942788875,4.580899598029261,2749,4.546360058349065,38.842096705883705,-116.24026091250111,2.5279443922452547
14.662113581467839,5,7.29850990984576,3.143164408590096,2146,3.6605556691850185,34.155432851045454,-116.80731494051385,5.109021079612596
5.716541084795496,1,8.01460116765345,0.8843111793089322,2915,3.3893853856136533,36.19654744859005,-122.73473085950924,2.660703803286827
3.5496508196417897,17,8.495569877103067,2.524117958169929,974,2.1174715712792,33.88174646052918,-123.51158376679255,2.977252916446091
12.055779099994709,22,9.56599761780744,3.903602246346354,3379,4.52797894888246,32.0830484112333,-115.22058436000394,4.752185022014961
10.221908857012266,34,4.503356384230581,4.073605527795226,3084,1.9540474572315354,41.70057360038069,-123.20168933437127,3.95269708819469
7.974740030343946,45,8.868051636412435,2.7256867374369143,2278,3.764208979923841,36.31702978656419,-122.51660819280286,3.0100917869575214
8.775089713126837,41,3.0534952274896563,4.526364068740855,3907,2.266226815201254,41.69349614419825,-123.77866724441881,3.4580342009009506
11.068824895811694,29,7.640327250828742,1.704507967374339,707,5.77810689890678,33.40323519767826,-117.71663634701346,4.711635759436756
4.198366378638182,4,7.935821836111887,2.3476941375721996,734,1.143155969178264,37.87366779457486,-118.17629436841652,1.6345835014437589
14.948674824794388,5,7.4217859296105635,4.543686097560365,4679,1.9986414005561828,34.0097403279124,-114.13096333564744,4.595669136180632
14.647104270054964,11,4.018517889081224,4.533155224122105,2827,2.2115530319372385,39.900741269632746,-115.13067603682828,3.8637060206426415
10.104559608857116,21,8.984345176121627,3.585707459711064,1174,3.070339128839082,39.83702988760975,-119.89156822519091,3.8781917296321353
3.7935943130080316,35,3.35086770696316,4.36541246204999,2014,2.1636512093502676,33.126071490393116,-120.28414159087465,2.665483989894784
10.523195394038078,12,2.4290783321666467,0.899479701303047,688,3.4567454513439264,41.12064452876389,-121.03147965720015,2.853966314808426
2.010777725708462,26,7.739719924895297,4.392477392934993,3331,5.362327616292695,33.946296472032245,-122.47593079962118,2.0720900664614
1.429135030881285,19,5.8038057218618695,1.9427895794760204,2404,4.560317107045854,38.1297734158936,-122.6191634339799,1.7316548759903183
4.607560439156991,45,8.79278415966941,1.3024918059269734,3938,3.899809902675555,41.85633620087704,-122.67716291990395,4.32285276798889
7.476721394350428,7,5.067177128466072,1.5771642635392085,2073,1.4450158899133982,40.82396534766364,-122.85885242813221,3.3300535104260613
13.155815075717328,47,3.3462287080617026,2.380858286062492,2155,4.469960541946378,41.56563928561169,-121.59487957594463,5.5796142697713345
11.180366976728312,7,8.691537539758958,1.6303640207201024,3580,1.8320714215546992,35.4259877121812,-120.93331369686884,4.465594272570824
11.397891296799735,26,6.391277053120573,1.9425541370742456,2179,4.93183692980849,33.055756422194634,-114.38421028961085,4.481796054621247
6.956906682273055,40,3.513566339122839,1.1074031873223893,3152,2.250283792550766,33.8834687328945,-118.21526748998114,3.60915823577584
5.843089895657481,5,7.763071988691566,1.8327954450154933,4582,3.0852436416045044,37.004948950766135,-114.12404225486719,3.161945031669646
6.194542681784438,21,6.088909107916004,3.0752771654390054,1351,2.7523510115896395,39.93229678273322,-120.27533052174327,2.818738010781124
14.82709389230481,14,6.8345038579225585,2.488341686409788,3895,5.2940695733742835,33.50153644183875,-119.42373367410559,5.933104420095497
1.5615286797747547,4,5.687186705652655,2.0602344255616005,3922,1.6327222935670407,38.59731532260757,-120.75421340834721,2.455771201388456
13.13844094571428,23,8.629671870544051,3.859034579857013,4402,3.828224411923943,35.235776040395116,-122.17112349103448,5.106977194185996
9.101455720013508,42,8.636501725464399,4.52079487126993,3489,1.7103080472153112,35.412020723921536,-122.56835292222421,4.257547958781656
7.140615868654266,20,7.67511057459509,3.905551503060787,1880,4.523979180660933,38.61917730157926,-114.54920802192169,3.0683598239409244
11.15360724581191,15,2.843211019171698,1.9940031595295564,2704,5.5253906389724055,36.6699941953322,-114.13189318201245,3.8975745883277604
7.81336517994584,45,8.71083089523255,3.8499897552689917,3788,3.173038269336267,40.12033293025994,-123.55090503491269,4.534145802731731
13.227925333143247,29,7.3681038442632785,1.1839108211332303,4988,3.4404613013248793,33.55918509662827,-122.49654125268233,5.269519761716434
13.609826096157619,8,7.576193328034396,1.086430946410809,1824,5.637114182413812,39.899482697670386,-119.76475907698978,5.040834655485861
6.904092976228376,41,4.903862723230973,2.0553216666627154,2884,3.6049569432467856,32.64235248057421,-122.13666523655593,3.1540232490280795
4.875589161290722,48,9.034236449256053,4.134660660698256,3819,3.4379921902478046,33.94053880245605,-120.36119606373117,3.3638961105486866
9.292904600307072,19,7.80297280187886,1.6085671125903584,1777,3.891645513521521,38.56149714503165,-122.70903650140366,3.616142110441805
13.773086838633674,48,2.9007237322335557,0.7846403400440581,548,4.44614868181476,40.54925656511071,-119.4348824327821,4.729692725551329
3.949270646079332,39,5.262224275249301,1.092692908428598,4787,1.534416875435157,34.52679627739349,-121.28305383830741,2.660204971345797
9.721532169888759,46,9.091042895681134,4.36435235838311,181,5.1055526387075805,35.27191605828913,-120.48094944241339,5.517038558322736
9.841843081295288,28,2.377573613579032,3.352024781362794,1506,3.1775251372662963,37.3712074828674,-123.05687348537252,3.4377370134950107
11.263582313813934,46,9.691332957136396,1.6394052351648951,1580,1.3617425494874276,34.11572806489302,-119.71871949289859,4.665635159535931
2.8419475917816373,27,7.433300546556502,2.998831213976816,1179,4.9309133459910655,40.11156261587506,-114.1674238903843,2.943793781820997
11.02154950554924,4,7.051007821147013,2.874108300914077,3698,2.8847498584313604,39.73636645005761,-120.7116695311881,3.970640567593695
13.726455289318974,15,4.164474051903931,3.449461902982976,4614,1.5018374754752697,33.45291711965782,-115.23570725157565,5.1341900380835295
3.5155635241833876,35,3.9903343099134165,1.5493439948972734,4283,4.168895197716253,36.63829731816632,-115.56800858376315,1.7117523775071195
4.325606548934287,37,9.536465755908765,4.389813442374789,3780,5.400656767168209,39.748277666546215,-114.4794158170279,2.7767231518290436
14.599531316582954,1,4.386179633872982,1.8921585293600578,2803,5.438767547069932,35.37329531103415,-116.09890487732906,5.444146625144582
3.5336773379328568,3,8.204042373751996,3.623592442893066,4410,5.7883173740448655,38.33106822717732,-117.40403172941186,1.824714051082502
12.961391307174107,47,5.144974385656633,0.572560908674967,3856,5.33852729883344,32.502131214575726,-115.43415555772542,5.385887881532338
7.891889990272487,24,3.114032566277632,2.1769570845236625,1858,1.010704596727376,38.08688760529318,-123.24355319342651,2.3058254105021248
4.461235041644478,27,2.0857223815628716,2.082694180814637,2699,2.9012058320669514,33.52652980000607,-119.37169342801192,2.3763247775838225
13.190498617815159,40,6.3540586961220065,2.9456799286235653,2650,5.092712899527515,40.30583325114451,-114.10743761384941,4.852330396988085
7.234273570037317,36,9.806230548391461,0.8273131779973842,3953,2.831265029992371,35.55449463580479,-116.30399848705268,4.3893896672372845
8.207442955015662,34,4.953089550473636,4.055591181767488,2846,4.007742531898531,34.81553862728196,-114.37924621962777,3.535952896008342
6.02926717159672,29,4.857538671944359,1.4800136079540585,2392,4.03158473687266,40.40888976711485,-116.2036564386652,2.946142899156857
9.301311920088985,24,4.752732942795537,3.546670166969046,1601,2.8251265201941154,32.5014402307181,-115.25118032557856,3.9546042714834564
3.2893342161903187,24,6.164350698438867,4.114454554598419,4504,5.522369636406438,35.96608799334345,-116.93470367696808,2.0651473314927102
6.47514151312465,42,5.525319067394348,3.028446303086809,330,3.516141726930588,35.70003540575031,-116.39497995582761,4.042878753307203
14.571772512694025,4,9.039317013816117,3.8339744302489347,4350,3.323921029687504,34.84800374249551,-118.768219901605,5.9437840331065495
4.613868057815786,3,6.044166333787922,3.478371404967525,1298,5.98756872830948,41.11754332001477,-114.75762299185867,1.2660365336615844
10.194313303578092,34,6.06206270550855,2.0998840871840345,214,3.467501820363083,39.509283935167225,-115.74961089376639,4.154150056636819
5.552660899145728,49,3.106972757764453,4.139863425651043,1513,1.8919912596429054,32.63923164191939,-115.56115034334368,3.167769814527817
11.828623759612409,23,9.861916327283087,1.8261561644848758,4506,3.5653471143171904,39.14687449434954,-117.26990899036947,4.432169471381036
2.8322312500568976,23,3.9997831269506374,3.0704581298818274,1092,5.0700836775996505,37.27299133128794,-120.9542005291275,0.7720944014919174
14.577494631099626,45,2.5869125396768213,3.854289826136928,2447,4.884301634491408,41.00867894401579,-123.64370204609861,4.959122862613032
7.3530535793709495,5,7.30516999180167,2.205301594156284,1141,4.9429088255423554,35.12945617348358,-114.64344870590455,2.8685852901903224
4.304706486850495,31,6.762930961254981,1.8624542342784127,111,4.540118919989559,37.74161999609583,-118.13879651194503,0.462280758599531
2.0289544626201774,41,5.321165231941966,2.567057045777702,3776,2.271089145333441,37.00755274740986,-121.0185702885186,1.275505183209091
3.3766106712255706,6,5.3775378710454245,4.180835724571191,4925,5.310420429201157,36.89560906227606,-122.50864892152462,0.5724275676463776
8.276835279784247,37,8.28051136837145,4.684647934155492,3165,5.467217326881325,36.561053995172124,-115.70476834499246,4.390205458128886
5.718044470038008,10,3.5657011207971925,2.9528753578695057,2136,1.9707634830927452,34.05629475532281,-115.63479805552421,2.590079098524139
12.604367122356532,40,8.562026551559118,3.4765979239564335,3146,1.6522781827569695,39.55709922492393,-115.85492031869468,5.402964740345241
7.032425331265284,7,7.189976911160145,4.564731300075113,2450,5.87802484294556,36.51336032739289,-117.54917308033214,2.7904946625525344
4.481999816226819,39,5.351758190236195,0.9434608313582408,640,5.341619818251839,41.58516275002606,-120.33984612408125,2.8850061429584732
9.64002981245642,38,5.664228932670949,1.5443536003977427,2960,5.466180736049734,34.608084271927765,-120.95929715219744,3.6420465622360485
10.894881036396242,21,4.053177657488766,3.690050028132121,176,5.431881923121976,38.82743839627041,-123.9144522988183,4.535724072967972
3.3385867106132983,20,8.016914661575798,4.206850078605349,3167,3.7084341201686417,41.407170796391085,-115.6639244131176,2.039435619522018
3.3466690280364473,3,6.102997938442142,4.3566306274876005,123,4.232008683328998,38.63458323016093,-123.12567302506358,1.9152686060105832
1.5133999770696016,22,4.566836341998749,2.3679822958471965,775,3.7268142606682084,40.71272907617394,-117.69245001959233,1.6705121957607156
11.309628210918968,47,6.768400926087602,0.9020295603134008,2494,1.2560317459516455,40.27480959757006,-118.95925053159911,5.231684312017415
10.293263386705272,4,9.965875616410585,2.47001664784829,4367,4.727515426763864,35.60117715489004,-118.73310641073648,4.197524739710811
7.644832260497394,28,5.482098237252431,1.538305655931742,3498,3.5266601666794015,38.00123939939496,-114.73287154692227,3.4439641412720445
12.81838628556876,12,9.365531206228956,1.8103840474848087,2859,4.238545373951149,33.562613398113555,-123.68384988728758,4.900061344012037
12.279382141300744,38,4.760134719396529,3.9752040057687763,588,3.5131990248776765,37.355258826955996,-116.26607775371228,4.962546280933476
9.19496110155453,36,2.437861655399887,0.839871887116491,1585,3.45905661161228,34.30421971814337,-123.47947601632693,3.7833855058044423
13.15579792718562,47,3.633936850947431,4.22411547866316,3759,1.858945547388834,39.43736814952446,-123.61846394064622,4.795416857800018
3.8817769405147553,41,5.349561146621474,2.4245108862087608,3335,2.3935685757057445,37.28058421892125,-119.70182301858618,2.703121016832891
2.5668746715681903,5,3.757079428756552,3.1822876899526777,2519,1.794263459719779,36.11227362631661,-123.36924825657033,1.2269059713083947
4.776494561237855,13,2.0018163057460443,0.9034350405605556,3595,1.9783314781267123,34.68797096166978,-116.10856048707087,2.452852340839838
1.799215985250408,23,9.320012301980217,2.0181158526077585,856,5.864886902101524,41.986984818412864,-118.70436906351662,0.9256518414638837
8.436373392014449,30,8.751035289847433,0.903654135566806,2624,1.7655672288609923,32.717105208849325,-123.70961217340225,3.978943125043371
14.112479692129462,37,7.938337851895577,4.826946752964993,4350,2.346352121526038,32.4356068057242,-123.5949931351808,5.163778892050161
1.550809569359135,25,3.342516765168229,4.132677421968127,356,3.952948288692925,34.172574004938646,-117.8733147026052,0.8340493040157391
2.709538796140375,48,2.9629086096798884,2.568347394604071,1879,4.050892881183209,41.7107245862782,-115.93888182341595,2.220609143874849
7.330786395968094,27,2.540837995779065,1.50621146745652,4869,1.7698706487191453,41.79238168319984,-119.62200468725226,2.199978897577342
14.074250245390669,14,7.79223351018337,4.700547973624335,2215,4.968587128926062,38.54927734772136,-118.45419328464375,5.113038849079274
5.4261854696745075,48,9.430463685503081,2.050684680771373,3448,4.926014339564125,40.801066672064046,-116.00170545950098,3.4435875566114813
8.101287321637495,47,5.444286567304296,1.2244299425931864,4868,2.1865885210194556,34.139617308407956,-117.8949382595818,3.328618567126705
1.5820200267054894,36,2.9531253759683853,3.034239748042797,1572,2.443331513377302,41.720420941766236,-121.75239762341181,1.4172430067519668
3.076804813469244,39,6.0991425658568525,4.746983541551672,358,5.689939327297485,33.427848501395644,-117.86947974130521,1.6948299358357695
14.812821721423857,16,4.790655259669041,0.5172363072514516,4175,5.12835722989739,33.011251881816584,-117.71720540934787,6.315792087558779
14.511661750104638,22,4.998599394799982,1.5715617946429943,406,4.488985165312619,33.12211539247273,-116.65893019118873,5.815763692038386
1.0691597330817346,21,6.970644993245658,4.723014381846834,1218,1.4111661075530026,37.73127923272565,-117.79125812443199,1.235291679919193
14.325364995925346,21,7.749744906097619,1.2698868508572292,3117,3.091320404512879,39.80974400718053,-114.30757869541962,5.213215384149069
9.947679129417004,8,2.8848287909852868,1.0095955323791894,4441,3.7965093603841353,35.666671778746334,-122.02711691282931,3.634332010172302
13.15085612328031,49,2.284721846451811,3.06584247109912,2880,1.9370564399188845,41.77895987786127,-114.48909320432924,5.38417485698141
7.366357978874028,16,9.954642421485719,4.378297204826735,1758,3.241132910541123,36.3442013811833,-118.61660509649984,3.433723070463263
8.218344400109503,31,3.8618267913244146,2.6469941796226677,286,4.00512938744345,33.50448550773216,-117.28043859505088,2.831762521996941
7.843852123596882,42,2.4306441992676726,4.975539155080361,1897,2.636883400576996,36.65966748186137,-123.00538402547811,3.0826492161503554
10.336099605645462,10,3.51900263276736,3.556272647920968,1024,4.904724094752436,38.7903716542244,-120.19424058621892,3.5139230498021212
2.9551175665883807,32,2.3116627707877138,0.8333370824470148,884,5.202247908194027,40.32225780504379,-116.30620853536827,1.861172201662536
1.4196302582174913,34,5.134487156937373,4.967744592568889,3544,2.6180473471703536,36.58768289956593,-116.9308898490101,1.527632139101425
5.311019182276673,9,8.419214275610594,2.3355240655108567,3296,5.193285772462286,37.93606826049167,-123.5986061183459,2.863867096565981
10.865530678313053,17,4.729955598061765,1.7933114023046715,1460,1.517882830515075,34.67344712158853,-118.53405736502755,4.653849337544917
3.8259483297212773,11,5.553467255026932,3.010456326100485,440,5.188645493113282,38.45916526405514,-123.1172180703159,2.278890261462066
10.428054066548842,32,7.40469418853951,1.8693841631938894,662,1.7637521583380829,41.859719439503436,-114.04143570821837,4.710576353512501
14.578768645501786,10,6.0711525605590415,0.8890587820406854,4846,1.41463576254863,32.49053572587794,-115.02703411466706,4.507440915047976
2.314610021051857,22,8.891565488170594,0.5064275438562953,3099,4.208877022205057,40.86530670705168,-123.78919339571463,2.591389795781157
10.416429655151768,17,8.928285400366052,2.5231250881411804,1293,3.3596868287764714,37.622825027675226,-115.41350421097368,4.641004358228565
7.212503070263996,4,2.079285563929229,4.265885400019665,3210,5.539453002064164,34.520986595623,-114.80570399441592,2.1104895682391334
13.153991561285075,48,8.224370451865592,3.0754183353353444,168,2.815945980454246,41.54889710009258,-120.46451777436545,5.589733112283392
3.4800970522634027,47,5.685868801933391,4.996432845245484,2528,2.4357613171881436,36.83354303058899,-116.80498344952234,2.3355848392951746
10.696763331166304,25,9.910724330429304,1.7908099054123998,3698,3.5036745307209918,35.316902516733855,-119.57896253792221,4.39164977490704
12.733614055073543,21,5.865856607003481,1.762047791420249,2472,3.2797309288433065,33.814976282708415,-117.44767515423656,3.8645502190833954
14.224599072636325,37,9.89516756310638,1.2188725710527488,4656,2.722140231085941,34.44452210256662,-120.59682595701808,5.377681527875129
10.565472396055041,38,8.036554889645892,1.2382861471940083,943,4.468706493491643,40.32849041591442,-120.77440763366732,4.218129257672496
7.960446696117982,49,3.9888390769064506,1.7833396820452152,673,4.7978091695695415,38.14410009317166,-119.7556611114242,2.693935870877489
9.649861362816994,1,6.307159834295661,4.067780203730872,4314,5.264919845150683,41.13245619488316,-122.54432241347499,2.785652247691916
13.164669782702056,25,9.937085115828662,4.575905557864015,2696,5.864283023551714,34.319684521577855,-115.68861035564618,5.784913875954484
8.988536452943617,36,8.860244862015389,4.887892263684566,4841,2.333280960662522,33.211385738489014,-120.51302104638363,4.301149978629954
1.425418835755716,17,2.778935150329769,1.545303443434037,1578,4.580467412449808,32.0608753097559,-119.99850446094155,0.48276156098014494
14.033281737097688,41,7.650975974479969,4.465838955263413,2173,2.9712911774787263,37.07862037615994,-115.05945387297855,5.227678391900147
10.653374514441856,24,4.764636686966504,1.9771479017480167,1613,4.385409859755541,41.98306930381988,-119.03376185936828,4.668210440912206
10.471187400881451,2,2.055858095042785,1.0077824503259798,1068,3.3799084517461018,38.94965268818639,-118.55746090649137,3.938786511379239
4.01945213356804,40,5.227847752215997,4.415112164840745,2296,5.968865513839658,35.08394591965146,-114.43501875222901,2.3428088049846783
10.224396583257201,15,3.8780353737997704,3.3624753558962834,1611,4.64451067895375,40.76858583026171,-115.13273616855011,4.174397591253139
6.514101679158219,32,8.550954164163773,1.2412890323647778,754,5.762456502171623,39.8172226598796,-122.3053329111156,3.00430946307258
10.117261678580888,39,4.698644870766124,2.4342406588085117,3092,5.174847747405929,32.15415166076539,-119.26784970081894,4.277010917770866
2.49230242431187,6,8.620189551630537,1.7926596269468045,4750,5.514505055816855,40.168604805410226,-114.28703772571454,0.9029012730969274
10.209834264442504,1,2.0047835106783625,3.8155755591958864,4620,5.072095986073375,35.00526757238496,-120.27633701771397,2.910489771016312
14.991792160789332,47,4.462553200208953,2.540373037809206,392,3.295795651879557,33.496734645836014,-120.284268914838,5.770812583614509
1.6749685440477844,23,3.9293217144620955,4.951759752978733,2701,2.258942266734422,34.26330839737074,-122.04969768210846,0.265305298302832
14.680438579098443,39,3.868538888548888,0.746352420168178,4626,2.851600877252611,36.68579804375139,-122.85676885880875,5.830225901776175
6.696711450120189,17,2.5454929581237016,2.0975686976131103,4512,1.1011811631997523,36.248679270680114,-116.59695209244018,2.8787851122805366
13.190548304721627,34,3.496994163284014,2.668550751994898,4593,3.6199658373233357,34.88887299374227,-116.29969531298484,5.358995905867322
11.95339677681583,41,6.444396559084959,2.7641009963674392,1688,3.5252890013520437,33.72218322207033,-114.30987036497,6.079377087791342
8.93822765381335,29,4.330888582701956,1.9217112007353654,695,3.626252324152441,39.622307896421695,-116.26581789094637,3.8068287690068896
11.338288929518571,9,5.339158258633184,3.781581120939056,2693,5.870156124860319,41.90109783734917,-121.56647505966401,3.894282010387515
13.29921785821887,13,5.014935042777508,4.4363618307003865,2223,5.557270017274196,39.77791580419691,-123.59883421711484,3.72839926545867
6.657964503114462,6,9.007239399999158,4.724236858900383,2043,1.80856389165054,34.95936967671541,-114.1456261563034,2.9778776637896596
5.578464261885342,6,9.242391992084123,4.122920195597867,1015,2.844412607779446,34.448089614121336,-120.59549304456394,2.79134889069816
10.346307397890186,20,5.94365577324688,4.327610887879697,3969,3.1197808973163097,34.17665876065938,-120.88028457567579,3.2038711164980462
12.30984318717762,3,4.641247602524835,2.9774538527899796,2894,2.8026645892582387,33.36695074489036,-114.94044790250618,3.94816136378267
11.67199188687262,17,2.854405632018909,4.216497018920665,3178,4.992479818019565,37.51330549692301,-118.14900101455014,3.9217795746763158
12.169391084020884,49,9.62722303505676,1.865767591165785,1075,3.6201883493379348,38.05400371953344,-121.85128826150866,5.765013971317682
7.098166407381062,12,2.4818155592023796,2.293154429491465,1175,3.8604990848581253,39.05502660663137,-115.10903757283761,2.9310944628082587
12.449679026450303,48,4.3812022205462435,1.9261085621834493,3089,5.265067794939627,38.80213370933668,-114.06639144945257,4.7684398599749445
2.682926775188518,47,4.384529609360033,2.6032430095156647,3567,5.029640767076793,34.923333112833824,-123.1332143884917,2.153849257359018
8.622847371451893,45,4.563210289121719,1.7851082730738637,1551,1.6610576141014985,35.30311005396847,-115.37748371697512,4.14078756780898
1.080621246973702,1,3.314294746179274,4.827251490145011,3923,4.569572920418171,38.81514535442338,-120.09484302315606,0.3433636578127339
5.544201618603784,17,8.265291447389577,1.9078008260255066,4032,3.1771806445101776,35.49447640783628,-118.75927553493295,2.5236684403377185
6.13046148819957,3,2.9799828957279137,0.9412004214992292,2128,2.4732445153125022,34.12623189619313,-114.85184024235019,2.5063664382627318
6.546417682529576,26,7.079253273225302,2.8706772472268605,462,1.2500941045109317,35.7433615369674,-114.26620804224882,2.959458836584987
10.73654089365807,15,2.9907682136465397,0.7569458530032936,2529,3.436247801727255,34.72084157577978,-121.37836089591201,3.1836489560367602
6.4398134177848405,36,2.5642851007436525,0.9974442483886123,3732,2.777183403622657,32.88312721218578,-121.87149229040087,3.5450214876827877
7.281710716715429,32,9.275436029487011,1.4872522513831083,2418,2.257565198382004,40.301389022766536,-123.19483441408488,3.1345483768952107
4.325617832240584,32,3.5210301305496454,2.5895761244696374,3185,4.473358647984788,40.531113891570364,-118.38202147337861,2.113056285369118
6.225525082810761,4,8.570001236477633,2.4496291953906253,2445,4.847426936577936,34.19750300166879,-123.86395604549331,2.843057968453411
4.181774781684121,18,6.3570469688570865,4.09861337901256,3698,2.223947595147124,32.64772199525202,-119.88101702390064,2.272910586491141
2.024742932758211,49,2.622852156870157,3.8276359424785102,4429,1.2472371833967362,39.38827437351179,-123.26615983347992,1.7431347017493741
9.44828030733929,19,9.64358553150454,2.418432322958156,1831,5.243763502826175,34.115286258634136,-119.94774217070666,2.5868581238640243
10.354979179770227,43,3.97568933593514,2.0016689340903344,126,1.0497987060215166,35.9343548943686,-123.60067810734391,3.9127223959083963
9.672864844134603,35,8.877162762820852,1.9241095282767438,192,5.68556246960736,32.641352522373836,-115.64782739391231,4.541515427350346
7.488916613208013,40,3.3504800462765134,3.9829778928230404,2764,4.13809936991353,34.262695847584354,-121.90261006061434,3.1280274898107763
6.317000922509218,14,8.831543057134823,0.7343258279957139,408,2.6092331760066014,39.92902278329636,-120.71691289642088,3.2773714411494126
13.086671094005553,33,2.105830503242352,0.5576974227977263,151,2.232389547883681,40.043964469152016,-115.29952003393608,5.279447000589734
8.267144991907053,14,6.094243652555845,4.079949763669916,418,1.045028321322376,34.070848248877105,-116.53733938667796,3.418914064403797
7.708546286816233,34,8.155540635372454,2.6471586919507217,2092,2.1773570850543855,35.3591384510669,-121.80961638357941,3.311252153744053
1.3589889212900996,4,9.478364139942267,1.088965123491092,4376,1.6886415075857055,33.34238419093744,-123.28100581342504,1.1118335080953705
5.777469586766189,24,9.273617089651896,1.5600467056752556,3991,4.060831103615728,32.74172630284922,-116.8432622314466,3.8783204506104156
6.322738663001999,29,8.55699895638116,4.696267788938221,4842,1.8327279429690067,41.92171714448409,-120.0929744931189,3.008153529664902
6.583518932556607,19,9.105530797290433,4.3677633903120405,4056,3.6431491876830964,38.55593951244839,-116.33920000881778,2.9995164990970995
9.122413169182652,6,3.593757486696612,3.6940327260078765,2792,3.950582111722354,37.42096509198319,-119.5470522762479,3.286336054577443
8.470435654176299,33,4.27347436569383,2.6700135365179696,3118,2.4902084917345726,39.654985004052996,-120.53997587027723,4.1135882774385655
9.510671299108225,49,4.311748199368468,2.841456317861236,2124,1.1753247450935935,40.40077159687724,-119.48794591787603,3.6716712809863115
11.708365661589795,40,5.0164314480135905,4.888600408777814,4531,1.1862694030709804,40.06714768044728,-116.51441014329323,4.321664433748645
12.381800342025308,19,5.14656536308151,4.845966997479292,1625,1.131736660969588,32.16539449289876,-114.97779713459626,3.564917413328474
11.053723067170921,1,6.356442597237404,1.4687107060362543,1378,4.695623335682731,33.868078981904986,-123.50232803411424,3.750139697696579
14.377331743369085,5,3.279038106931531,4.149970548373932,613,2.5900485240714906,38.54905302117831,-118.75888458773045,4.817401488589662
1.2552561574690628,27,7.5299733102879145,1.3875919977515756,4437,4.981500929838318,35.75759347803963,-123.67164570916123,1.4180743373562925
3.7408917995696456,16,3.340532314436052,1.4609186504777814,1833,3.158664119214246,41.82482651061107,-119.31590454975641,2.583181300377449
1.1058802496939897,6,4.48246785683638,3.5424186537405955,3470,3.2649905041498193,38.65404792638254,-115.147171709031,0.7809907874527098
10.064645998164442,40,6.026761044849232,2.3225049436439678,4021,3.5644130125478686,41.565489087292065,-120.38409733579691,4.254811784260062
13.572427685299816,13,8.371524492187818,4.691949831979341,2600,4.5651572818755195,34.01446481645794,-114.67549578919356,4.758215155299238
4.40875215206819,48,7.915753865909818,0.9005438070320397,3564,2.3675143291485354,40.63957028115023,-117.69391528349391,2.3492458296238854
13.978483627148293,35,7.164274851284178,2.8018653836427188,2359,1.6079367476676345,35.213523058152255,-114.65844656206994,5.42471315133569
1.843743464053852,19,3.2461860846413613,4.633346886994046,4863,3.7802866759573073,41.89564808237807,-116.42833374587481,1.2052676098946769
14.0821043752772,12,6.376362764924622,4.568511472157773,4789,2.6348881162136966,33.57688672073147,-122.96564833351238,4.81480713750666
5.922717621354882,16,2.6995720143990836,1.2043814603708354,2759,3.212456568340187,37.16339818838327,-121.68848632437323,2.4221100503525874
2.4198915982890314,43,5.018905414373206,2.149869650434054,355,4.234733541686527,39.92844533837122,-120.05829545416493,1.645026420199778
7.802204628608559,10,5.308132242319673,3.286046300210133,1602,3.470628705706353,36.32642480604036,-122.29893117987923,2.284810899344645
4.594871948087111,25,2.3184915155660306,1.2172769814713098,4756,4.101394085504214,36.68084060187647,-119.05088395223339,1.9963425410496716
4.988220627466919,20,4.191904795759775,4.856099774205824,2210,3.7210000105681393,41.86355795505741,-119.28631844298509,2.1831551405852028
5.3020595089680125,31,9.645195738131914,4.616371979274471,506,4.6989818596804955,36.25308150301153,-114.43740801972619,2.859973310048808
12.242362569657288,4,9.629060862637516,1.2512758056551112,2949,4.5296830885581,38.04072100599063,-119.66272117104022,4.754808868737457
8.548257873453563,44,4.818616434020314,1.0451995756744343,3276,3.670949459043096,32.54539660675151,-116.14373195712002,4.262400271323273
5.358307788184051,23,2.3448008715865925,0.8843381726371938,1960,4.394515104298534,40.4221008021026,-114.5808945514852,2.644172539615216
9.544672966352858,2,3.4327595146254524,4.59249648816484,4454,5.367798011363064,38.48168048979544,-115.23011169026014,3.4457386995479786
11.02610943912471,22,5.137742347468321,1.3713071440795734,822,3.161356438940843,36.04020102862813,-121.91332375488408,4.695704722113423
4.816736010269473,37,9.582237583753837,2.373282178449596,1382,3.0638153637439682,32.161695399545195,-119.03970105746455,3.2731214230353465
6.789687421354921,8,3.1295925082974794,2.5198311454340137,713,4.8212281042619,37.91668820593504,-120.52260217704074,2.5620368347510536
2.706405306717266,7,8.108126749345697,3.195549698961054,3431,3.91276918520997,32.12657828484162,-120.00141304862784,2.574437499423938
3.5360908934855244,14,2.8694603149975366,0.8228090468634124,3216,1.3550339011129426,32.01203613909018,-120.39193173754249,1.9784427624726546
10.53564995550976,3,9.850060619130215,1.5204137783023217,2078,5.460560078455407,38.160985621493545,-115.73640789824995,3.7070968607308137
3.5401368677387772,16,5.05293199287308,4.691706741135167,912,1.1539155111882007,33.890170673345544,-119.47860944877553,0.7212254941409451
8.352287371338843,19,8.201876311192448,4.587845482708563,1886,4.7419817810487155,33.918875497180956,-118.76305667755312,3.3559053222546433
10.926647664114057,18,4.740728662489055,4.015807913325615,430,4.793970713521564,38.53271565832743,-114.17552642952926,4.223647783057594
2.4962769233264135,16,7.02135101727047,0.5873056052819694,2312,5.7655554264096525,32.53697187939374,-123.40020727808484,2.2211279521859923
8.94237107480465,8,3.536128677920294,1.9715304582324595,1316,1.2706720420116038,35.13405561474556,-119.12042360209252,2.472510595520058
4.591878971819092,33,3.1681681543757003,3.325814309043085,4582,3.984284303922455,33.49431902142019,-116.25938293053883,2.5528007607063117
14.480976253326117,49,9.50451311654505,1.7383559529806405,3437,3.1392028531352647,37.80176369796534,-122.48838041811773,6.75516939996709
7.769639054078946,12,9.341178223235467,4.593140127741998,2475,2.6531647742977102,38.61765154727396,-117.88468405385225,3.5797209802060665
12.283895696852213,11,9.099751521703059,3.3525025782459883,1340,1.4515928014953652,39.211358535990435,-121.60535220465533,4.855381487303563
8.703171590187665,5,7.003467601332748,0.8235802279240052,419,3.813270598356546,34.552312169185655,-115.32595886775432,3.303713921392136
1.6077754599674683,27,8.466145689730226,4.590525149760664,4594,3.395203628373068,32.89249751636584,-120.7290033459992,1.409419917419327
9.864119258316313,12,2.5522954952909993,4.809949961793001,2014,1.5227722907551213,32.78683656941898,-120.7093718309909,3.606740988883358
14.319646790893199,17,4.678312335125433,0.8497058827627647,4300,4.062447535485417,36.261515484507235,-118.01806121482106,5.352913451513124
9.422565482048636,6,4.50962499805725,2.895621056875917,4891,4.689765601264693,41.458444090627154,-122.16437091880091,3.0893825682573834
12.468644031975064,33,7.085162575620906,1.865139269963767,429,4.836391505268241,34.17729034247024,-121.15111361096939,6.286905677991362
13.37889048687771,5,4.847662187765124,2.2677758441663105,759,5.526865941312137,34.567416013415496,-119.83368149880589,3.7301451183897454
4.193116807285055,28,3.1880542531494465,1.3084304807990386,3788,3.047353709443886,33.00888802105859,-120.4636213685989,1.955253317059348
3.968627758715173,14,6.77173660330835,3.1013244590558564,3218,5.765363843110685,38.0557027389393,-118.75122781994418,1.606997157270897
9.553733843913884,5,8.515071365352652,4.810907089620008,2072,5.3271470254134305,38.79872873947175,-118.00359855931033,3.7691698758972616
6.754398577293866,33,5.056987955679785,2.7638267012222406,1893,2.482507855119695,38.4293120816076,-118.33332546249835,2.0793452145857385
12.758058240134085,48,3.0581497207878536,0.8731156162751652,3318,1.7964151867472924,40.611302430447815,-117.45831688008067,5.684209799767716
13.600323727572157,41,3.5735055785025844,3.290006000648338,4657,3.176946980640067,36.86425835026072,-120.92250483392179,5.595672543628528
5.9478993102380535,19,3.899866441355072,2.0310034750306567,2633,3.0094935397798332,33.344570407670645,-122.73573772844972,2.5864834821685165
4.316187825642749,22,4.39918074395629,4.35166335316084,2557,3.8785965266560214,34.89405130704412,-116.39192458568922,1.8020292965277134
11.927357213414066,5,7.142360564050473,2.456051667424116,3200,3.91693116163874,38.624299734213515,-115.49219617369317,4.627795562341069
4.847284497673906,2,6.807563876301752,1.3677782402401053,4466,4.749934921899876,38.1312197374156,-121.42993767777568,2.2709060242328873
12.516600459191498,30,7.568638892536313,1.3599753021101524,2833,3.549449741028051,37.310031297429624,-119.9290804384198,5.5198535345702275
6.93233555108268,47,4.900015876252105,3.959438813245222,4580,1.5241132047038277,38.829644186886874,-119.01430783036444,3.250503905518881
10.345698590080586,39,8.591981215039826,1.6951441923831196,4255,5.291456677765531,38.37390850373299,-118.66673157247064,4.567413387730969
2.3374943936853545,4,3.632701289246082,3.9525502737165032,319,2.5488229159259355,40.81324889464952,-117.40509828912349,1.4857596421904926
9.734030545472022,33,5.7523259801452316,1.4264928984496972,2918,5.85648730153296,37.86016377478297,-123.58396766644678,4.400948127379849
7.324747502321207,13,8.407509772331442,1.9475886591558922,2006,1.5893005433988507,39.78601358700556,-116.78522917265983,3.113789237308633
9.212518484456638,20,3.441269181860954,2.5946913759786474,2711,5.791255861162516,34.48707155966468,-123.38028993020589,3.5620669914236025
3.352198908428088,7,2.8789049099262636,4.744381323620528,2693,1.4550590344125849,38.78182584589068,-119.31711432327133,1.2887381811461507
11.31623242921855,15,9.069471741503918,4.692791411392211,195,2.1551806897352974,41.021941183826755,-115.72328864430806,4.600779178760227
13.0791590856052,23,4.743437302073567,1.4309234394002952,1088,1.232899710432708,35.85732327899833,-119.48784686721604,5.421270645630698
4.0343572012708595,14,7.470960999272256,2.1119856855938277,1212,4.525565733194975,39.79104187338647,-122.50910251231753,1.9568687743673232
2.340003777282264,23,2.202788834111508,1.1722972480419753,2378,5.251493682858959,39.24789301195435,-114.1496615499404,1.0013886882482363
1.3309402046487095,19,7.520375107275597,2.7949328569107372,345,3.170355409079902,32.595261968718226,-115.10714537925736,1.5284688919197358
9.987601006205724,29,4.528810492375764,2.5726214781259995,2258,5.642610375212149,37.81508309624073,-116.28686366774986,3.63225340012448
9.49931650524293,20,2.445926828699534,4.553420731028296,4429,3.951495358777998,33.30189349200803,-119.8848839710079,2.811257566117899
8.65376377799698,29,6.878502092384936,4.685024200059827,3449,4.150035677232616,41.673191722305916,-122.16154273110702,4.126503646290924
4.247259345623656,24,3.926430528585386,2.226053259532814,2825,5.22709600850385,40.114075027006564,-114.58588818581498,1.8919151036773596
6.472683942677206,18,5.09445793641504,2.7128207435854526,4177,2.4840010252591944,33.0972380124712,-118.67648873482861,1.7415785186115824
9.322668692606422,10,2.6446464982921087,4.533063121157599,4998,2.771328606638129,33.21751997647679,-115.47644539612514,3.4583199581283073
7.954736024028371,41,3.1773060087595626,4.130185134852777,2766,5.529759595973221,37.944738549126185,-120.57904994240575,3.0985663985314353
14.828997283008423,8,4.38381788396675,0.5164534010509217,3299,5.504817480193819,35.448891741731835,-120.64711682920529,5.310174447566618
2.910156535794264,26,2.718076004481257,1.9402680388261213,2854,5.8824138810043545,32.34905859073109,-114.1445951932596,2.1095618109190415
10.732023756666313,29,9.286610117490522,2.3979840887125663,1517,5.509191582208356,37.41641507833053,-118.7816695150515,4.703192632819312
6.66046275346009,10,2.0483763454718273,1.5337232765745428,754,1.6368601801668046,35.87845099685847,-122.59304576139253,1.3085505824808938
6.994794608958607,17,5.870881750914491,1.3980722715317244,2542,5.118621430684937,33.010764923717424,-121.80325322005292,1.9737878822719095
11.046368719214467,2,2.9859796650604116,0.6700302796805585,210,3.0491923905479705,40.019203922559825,-119.18055720607279,3.28280297538922
10.694106118541175,6,4.461432715823588,3.3951637628139224,189,5.954006779729689,41.15076765278806,-123.57529089511588,3.5761886190716314
14.877583911830637,5,9.408476478546124,1.6812963071742455,862,3.3614048216440056,39.5659393401413,-119.374660146217,6.020128799808299
2.7975200523577533,28,3.293556426191895,0.7355623029409089,3272,3.769180412511103,40.224223100162774,-119.81059157919873,1.8375003648388692
2.457535091378329,41,9.72665855774666,1.5394068973762864,2279,3.6488745762839927,34.16490567266118,-116.20663734680512,3.7615927078053297
11.140743439802376,5,3.6463550159153737,4.108612787762569,2604,2.608685149291389,34.63572950918601,-120.45058035510758,2.855714525316109
9.097416838089728,18,7.932528867734637,4.331701317409459,1564,1.3751104444645907,34.085275402991876,-114.17451238460401,3.7265387877799503
4.838249331837282,26,6.373418119178494,2.673798103369862,197,5.4782561520095925,39.650634313655644,-122.19230080699097,2.252391262917105
2.1118711658458125,20,9.075829820774073,2.372318016839088,392,5.013379062631434,41.47917078934497,-118.09013315031865,1.9398474289598635
2.1992154943500273,41,6.4319460440250475,4.9003416207580175,1939,1.6976339027983465,39.16837206733903,-123.10300702991745,2.7537793985585592
13.518672245297656,49,6.276473753250469,1.4025409681463146,1834,4.883841356750365,40.81466764879556,-116.66136016006018,6.500578968090202
3.686142546062401,27,3.563664002947199,1.4691167728457382,2719,4.12923333025305,38.38699094883172,-114.05246311938029,1.9559835101193754
5.527201869617291,49,3.32983489641327,1.8134022966637988,4847,3.0457189395881112,35.87659900558799,-115.80861362248368,3.3112308797777192
4.1731896311778325,12,9.331913208924114,1.277407932264893,2296,2.2701057454778137,36.257616149303054,-118.44296459279698,2.4690528139551624
5.969948281647122,7,4.6227055908002725,2.2071451919188396,3566,5.298643917511162,32.75321432167405,-119.15258642600308,1.7452508323130163
1.9719337984453071,3,4.9766580397031674,4.5987540214538924,2006,4.500941296470265,32.31457195246026,-115.64970038733154,0.9264684435336437
8.266837072715784,10,8.078589267427107,3.2690652828285844,1821,3.7386995473456843,38.954756041890775,-114.64025915289275,3.0719020767102623
1.9465758902910086,34,4.710587859382459,2.3537594687551864,3791,4.04784266949232,36.38428892011181,-114.10793474201907,1.5859588673410838
12.204991109513061,25,9.616499573112023,4.704848575570466,1916,1.455330910410905,37.5221506805463,-120.03460772435515,4.461861419326451
4.271969146746063,35,7.903422151990402,0.7180890461412004,352,3.3695988045559595,37.57661247622416,-114.09082525205488,2.813602016257034
8.560166804463147,16,6.77943394058736,1.4462428005583763,4327,1.96850146392851,34.77375813333301,-122.44073747826168,3.6465064218582066
13.321107225860416,2,9.047161284358019,3.0464987229579155,3619,2.041918395044127,36.7589251082949,-121.46450224068091,5.1408499075564915
10.112283166660719,24,2.396847266795862,3.269986804369306,2007,4.306519811434334,36.707602216677024,-123.10983875266103,3.7448003086431774
8.461409011718693,10,4.05650153751367,0.6780087795317591,2010,5.5562807591714405,35.88427221227857,-121.28261483515519,3.9274768427050195
5.540672543615258,38,5.72029067376728,2.3136744105820948,2621,3.0187830523917327,40.206753834010705,-116.32062448381988,3.974648329974369
5.662026782814771,22,3.815828315772168,3.4211928417389275,3949,2.038746365060952,36.51164003687596,-115.4707564182155,2.146865354208906
10.372817372774662,26,7.9512414984172155,3.6413174588153074,1158,4.243734686183271,38.03644524505988,-116.21107354897428,4.729937383074616
14.917951057096346,43,9.353664248429801,3.371629561323212,3638,5.355935231751589,40.95520120380826,-117.68934221832303,7.159470352859892
10.2657486578913,39,5.390160959447387,1.9425345096241604,2422,4.741594005612454,40.662336228589226,-118.86033487477354,4.799675297957078
8.808967843180348,27,4.73706080089516,0.9208405561905928,286,5.343786152682936,40.904222037791655,-116.91295710786353,3.9690161521974847
11.229107143349445,29,9.69240585710053,2.4220060088870037,1048,3.682773355053997,34.70004996465014,-120.09166450732778,3.885943977385353
7.512878571972054,47,5.558819462620327,1.0793949681562496,2390,4.759381221845954,32.34982488308063,-115.58691648500299,3.4167378033028886
1.841992796410993,38,5.912387203594266,4.764306463343002,4459,1.7003227967946823,34.61066799895329,-117.22809906023214,1.4595692611289548
8.872155422290737,20,4.813198978735243,2.638268897101827,4717,2.7413730768159574,34.78707345620709,-117.02195301505591,4.104648436298824
14.406753983075323,27,9.276387784097107,1.927666284605904,4978,2.947745822407612,41.09360326724968,-118.64064006870929,5.327976888411298
3.4542411930072348,41,6.551643866254806,3.9483683200350503,4730,3.5564787312301727,38.492427328379705,-115.14771015788827,2.271330988539552
10.660068471489321,20,8.097396697453156,2.7407686666201876,309,5.645381801284119,32.81703959602229,-121.47985266320947,4.6908595048659825
3.8130716412267907,44,8.49445374680709,1.8951531080560253,2193,5.371482801110871,33.35378596011101,-120.1885234663895,2.3907595368708274
8.501587582623138,19,4.734792335338065,4.153854840758608,3638,1.6726274614459227,33.55676125541975,-116.2235743032231,3.3358076088114883
2.3534702950540747,20,5.46955465056304,4.402184679505049,1663,1.863948259412316,38.304217481689236,-119.07251103870662,1.5072740218478202
7.305193107614592,35,8.787774195250117,3.5285367482990466,125,2.7882027479445566,39.35414025507003,-115.10785986575809,4.032463577020421
11.586286604533445,47,4.906042813406482,0.7113399008345028,274,2.4537193294533695,40.59643910565396,-120.53600680237147,5.200347838222578
5.866001339345749,2,8.35148106761481,3.0484529607493944,1434,4.073854765781311,41.40636550806243,-120.30669831180356,2.7961718670902824
10.308764142821053,30,9.527938580595496,3.934827103987767,421,5.513880238822725,34.017045573864415,-115.11264210613375,4.549074330902306
12.136299451056209,34,6.985682984544056,1.11426355437612,4250,5.8114577083629335,35.09772484724049,-119.35629679817959,4.125766970619538
13.980489472712337,22,7.933018299615111,1.5290183812307152,4147,4.268014762676133,34.40322880744831,-118.83875415797513,5.420828816556925
4.28498914597635,3,8.440778496329079,4.471227972806614,3327,5.190796007005433,35.58761567466138,-120.67236284664321,1.9936652874380933
6.590422821330314,6,8.76031719117314,0.5905477483388332,1972,3.6260110011539854,41.1466510742375,-121.23330057820918,3.3269035539850487
3.1338241866258443,15,5.160426702854368,3.887272120216892,2167,2.0416347343001986,37.751125669393616,-117.44051289161608,1.350362147760981
14.894769030217253,27,2.4101076734079854,2.631979816314903,432,3.623442060467387,39.38191897324499,-122.80159338458796,5.138742027954978
13.978013550940135,10,5.215010169893916,2.5104747147782307,3091,3.7754130071882557,36.90119236126782,-115.2072735881709,4.826061840616958
8.559399823927833,9,7.390049838272718,0.5319343962269922,1010,4.7122878210677825,32.288579133361246,-116.20796863234892,3.1039508842018377
12.788466121269899,33,5.602803086246342,4.1872920393492175,4596,2.0994149485367455,32.64195485997814,-122.09251736294198,4.270816716332439
8.29341168180859,32,7.991705206883188,2.1192120528645493,1049,2.8415519104336586,37.37923031267886,-117.05980054175434,4.012503832835202
9.730199632038635,48,4.855859435749311,2.933445340852443,2175,2.8201373460728316,39.187890348200256,-117.97367078714365,4.7218551039696814
2.2477420496242324,6,7.077953128832236,3.5478530885104673,2614,5.7971979787058245,34.153305275287316,-122.15464949263355,1.0122702921334301
11.57378588695531,41,3.4913584388317966,3.661833093970621,3431,3.2197248016335944,39.21909573992304,-121.26796493949767,4.349296192999261
2.7879887708932873,36,7.994955493159655,4.801910264717325,3129,4.775469836490732,40.106657734835125,-119.91013496266166,2.5305712774606626
12.564946823535397,2,6.365567750504207,2.8910297895647408,200,4.754056906872195,36.11897478362111,-117.00757264754526,4.76484356913766
11.948393227385402,29,3.6325151083728047,2.2987379793849243,4746,2.327720924016207,39.46419232844105,-117.61276591182994,4.5285453142398095
10.92242576840167,4,4.335289387982458,4.791666319212686,2500,3.8593484468586605,36.0402995032846,-118.67765152323302,3.7577741530731408
1.5062453273466696,1,7.988869668654659,3.389496057614845,3471,5.4715144665932405,38.7835062945502,-116.31589456885966,1.3673106814316434
5.243796983234601,19,5.8608098852921655,1.8416766032445002,2443,3.3759885972847474,39.63997049319543,-116.42062260393834,2.802653243468235
4.6835759787518,26,3.7282515231445776,1.0690891043160702,452,5.72558753671273,41.919266183081106,-117.82140845937744,1.708733794868154
6.0419097046012675,25,9.73816952296238,4.291495256593316,3055,2.072291146620808,35.45396662063596,-116.13009916615175,4.030420295367603
2.2269984546937396,10,7.721000158535103,2.1298172125736823,1118,1.3707955288701537,36.110407805746114,-120.65736625220791,1.6707106428543272
14.11740952243488,15,9.65707866031837,3.4721137461399403,1279,5.4572693657237465,33.65620059410171,-115.18750471677394,5.692241091875624
8.753231369973268,22,5.416840362882746,2.6186738871465414,3636,5.238405989811083,34.04073058401807,-117.85089914198059,3.0958176285553627
5.27734034921233,48,5.800802725533764,1.3951840090776726,3750,5.962949379669224,38.933950025983776,-115.77636486187569,2.960572829275358
6.557741239039968,21,9.183641729480154,3.207589738792093,2602,4.396967440562131,41.17045590154476,-118.53720895209716,3.333798908183699
7.2608355670677,22,6.200394721963077,0.7730738102780704,3919,5.683439633335747,35.946049516612405,-121.8156175501132,2.297432590554176
9.408320667048642,36,7.658231295245337,2.3600410694203653,1079,5.1347451254205545,33.79844446835541,-118.57589871321692,3.7397472505671723
8.21951198775097,34,4.01738301996424,2.9597672284865197,4934,5.222131665600434,34.85099499382994,-120.28888336223412,3.0369607975088413
13.871487625001842,30,5.573811749621124,2.4622113835336057,1076,3.8457078522713415,36.55051704808139,-117.02500963962905,4.556398541007089
7.957488760681624,25,2.987598926482841,3.8690247886294586,1471,2.911822989583554,34.906503293653685,-119.24206208265264,3.0455966365504694
14.890212207526378,45,3.6478402870156934,4.2256622954539065,2380,5.672790362716409,34.33579083121866,-115.63887195072313,5.483523245153693
12.919949408431341,28,2.0075473221410487,3.970593833149301,4676,3.1605858780794724,39.359844887570794,-117.21927487678083,5.150063518096429
3.9191472010027013,1,2.314120413189282,0.6746582651531094,207,3.6940968362483453,32.078449212406234,-117.15455566968676,0.8330855045890853
14.028333005014828,49,9.818270585415434,1.3735794670068748,1072,3.2305715356259386,37.39230527336483,-121.82844666508934,6.219022175899739
2.6291295703966653,45,3.9388295610940984,2.9147337916869844,1726,3.8240915698009856,39.93766807029754,-114.1575023350871,1.4968401439834869
12.444295918876682,4,7.306485676032016,4.706699181997106,803,3.352525394961636,34.66228286317468,-115.58324790728511,3.4500323326325804
6.328726108672122,7,8.712797590396892,4.257305487734525,974,1.2398377928973794,38.03291510612017,-116.10995115439306,2.9909342442593356
13.291640486230973,49,6.405283673892514,4.291405287583108,3909,5.410240930038493,38.68900105618618,-120.69784774839972,5.728749718546786
13.152793661504305,9,3.2251560006716495,1.864436871918537,2511,3.221969094578849,38.5502469640509,-118.64368347152768,4.631191197545027
12.282955601646696,36,7.824931498689331,2.4325155368541616,2207,3.9447182425367435,36.45849634198718,-122.62896811925671,4.407505983868389
12.06042610829886,19,6.802011280796664,2.6181767629217183,3653,1.695939013789935,35.46577987875779,-118.61524023337294,4.589213805115477
5.265507947372571,1,7.850004714779001,1.208172125074597,1373,1.0169392399131958,40.35924073027813,-122.54110753516713,2.6229244893024415
2.1328699627175305,10,8.157972982856698,0.6398065861000535,659,2.2264504682182147,39.58445956999864,-118.46962156010399,2.0997480695579887
6.641722502712261,36,9.80328294147796,4.761063047572326,216,4.522930160666752,35.212551734139126,-117.51278119845094,3.768939252126661
3.4293432098111216,9,6.58850624021368,1.5832066354857803,3146,1.495972650564393,33.03019194442206,-120.09804032750098,2.2710603173726414
10.729315244634464,45,4.733128901524815,1.5797700667563408,143,5.54443720193234,32.71807545445469,-119.01455121668707,5.046808880958154
5.845396171528997,46,7.187716455201897,0.8752057419594179,608,2.075112846780923,32.94275977898936,-115.24346612325414,3.4010627264202244
14.658542812038808,42,2.547525673941009,4.678284883747003,3539,2.022968071458879,37.82869361192043,-122.91436855297191,5.507666262896229
9.973609082834649,32,9.17917854657269,3.108817017228974,4028,1.9075398081074777,32.516621758289894,-116.08267107000347,4.894398277099735
12.514727890881053,32,2.9550480907055743,3.5016658570640926,1016,1.0699085648568238,35.36926874964038,-122.29245449003804,4.709902652615467
2.8553454183858777,6,4.622742703086546,4.602095992683736,3045,4.8590273423911725,39.531997019142295,-123.63292017195371,1.8082718370179778
13.068202751816717,48,8.525963045008968,2.055290760053553,898,5.375172656226293,34.94348166515378,-122.14425397254952,6.067540756242348
13.91860066718752,38,6.778499026645695,3.2967829001213786,1860,4.070813513080994,39.633080771801296,-116.3495681002951,5.132365260839323
7.818866863465103,17,5.149084162219537,0.6745975462799936,2433,1.9409999083993115,39.45467038207055,-119.9487392666314,2.5138386450798693
9.487541128513683,10,5.787485275000171,1.340476377040082,3375,2.426389984704399,34.45827132633217,-115.27479483153817,3.5676408118151834
11.707337212641937,27,8.836379145617443,4.240606122904741,918,3.3796334868248166,39.28822180092745,-118.75292458817734,4.133243540589763
3.4477407816457757,35,4.720035088479137,3.9504576035225107,2268,5.771729758116504,39.47776638272101,-123.77749648073669,2.050365772105146
8.035925070488194,21,8.95719747849737,2.077892111557161,3835,2.236756859088714,35.97453925667027,-116.83286390398074,3.618901465418011
6.581282388812383,25,2.705075447813532,2.195647824983956,3165,4.65822951959944,34.10420483741518,-122.89767091278767,3.2855654888841483
3.0492358902714876,28,8.214387497669046,2.9009949509911075,3359,3.1972411164646015,37.212708068918694,-116.10620366538076,2.403691102440571
6.14548191208144,47,8.78038106443789,0.5010845210831054,1006,2.489236741800109,41.21397588000197,-122.3189745019482,4.125596058157614
1.95441233139691,15,3.45454122269871,1.5855995121711253,4208,3.2795796851105687,38.39616732432062,-120.54553614194486,0.9077004048560013
1.3613666972928178,4,5.4427722589776035,1.437043138736965,702,1.3560335877061627,33.72922497627261,-116.3872857037464,1.725669215292573
2.892328048167519,29,3.323998197309245,1.6271732603739355,4395,4.993436854651812,38.8275692473352,-114.45768642523578,2.1455636192237026
14.483611562248434,9,7.652833031953742,4.126576291400486,2733,2.2165096399148356,36.27203027281835,-120.28566049353267,5.2977570713415725
8.693413502530237,27,6.282782144493254,1.7585323544589944,1891,4.627060615964853,37.91528797355373,-115.70599779801064,2.785095944368172
14.52151025614508,26,7.082586773666568,1.3618459492256667,3627,1.3417418572409736,39.34064035023108,-122.09207734524162,6.1059893447515226
7.054970296621848,19,3.571895735649689,2.7691855735686417,4643,5.77549278082843,37.14947351514445,-115.92820229797509,3.601888912375255
5.365425863193634,28,3.693966896419356,4.395402663677293,1911,1.965074927028493,40.139839745733084,-117.42505940743749,2.3248974269963205
8.085986079763417,17,2.331978604079251,1.5860736672687494,4011,5.413710381035402,39.221555793166274,-122.07256492787631,2.9355643797854087
7.1531636408607415,43,4.576540281565838,0.8534130925675941,940,5.047366048077173,38.1507334001851,-120.97496039648588,3.162593912269442
2.479305579664415,41,6.4779572906694,2.1038213113234914,3242,5.83929962040708,33.507928158323516,-122.68229111402964,1.2905286375112328
9.971568405662888,42,8.86347931197863,3.8644332105424,4785,3.389453304728748,40.35949110911568,-120.17032988935686,4.243549887295516
4.0245345551343945,20,7.335419579669446,2.9781074511265757,2190,4.6369864692297575,41.35905585319816,-121.96351358876723,3.0217067013800385
9.674231368569615,45,5.483170587198011,4.175570163084563,4715,2.8535532851889203,33.36965123809295,-117.56002046369527,4.681313642343226
10.102815293574148,40,9.624960915153103,4.818164664241553,1136,1.921841190098469,36.882411294334304,-114.05494895779441,4.166078116309987
3.1283479438010735,39,7.753961604606655,4.066981145382277,824,3.2153796646672443,34.588887419705046,-123.87990836915736,2.001357925470154
1.8588947795493542,49,9.4413216229004,3.2171138547968905,1087,1.8287450769422744,39.54523307425565,-118.59080186712701,3.388485907880067
11.930662204958157,23,6.220703786177325,2.720037146235712,902,5.91022311393192,39.216296360047,-118.2633340245099,4.015189571529951
7.437205932770483,47,4.071234198345117,0.6803108885672,2682,1.4812324557035819,33.40885120570399,-114.85791210319188,3.1865568949489242
1.814293137076661,32,2.422613490917776,4.929448904663186,3937,3.946058617263102,40.770272712616375,-118.93994665233062,0.9652860221857582
14.92812844037674,47,7.808678811870804,2.2256650515876912,626,4.132319276270279,33.80973063978002,-118.56298580355083,5.409018131199965
1.808927853949133,33,2.970423984044273,1.1850269626259007,1765,3.6903977143702713,39.97259025648108,-119.28347198671611,1.1717142710353499
10.730493204019744,46,4.422201026175737,3.5001898492840553,1238,4.310929428559168,36.569803596280046,-121.31095695438519,4.145204407622781
14.77150495368779,5,6.259767263071179,1.779297300929567,559,1.5809038750594548,35.28272293558151,-123.43970866751086,4.617338409634842
4.348521459022958,43,6.515332702237981,3.1360022191897143,2652,3.7750926210264555,33.582392626742134,-119.91342317790163,3.3232751816251547
2.9914911616207465,48,6.804665575897088,3.1404555853006606,4520,2.436062855636808,33.67614256146629,-123.47408528759321,1.7974764843503457
2.6993891519140045,34,3.330042642797605,2.5057841940629113,4774,5.700880316505283,38.61890554700901,-118.49507530534082,1.6265688383473762
5.2458520659463375,40,5.03789923857319,4.262533769952691,2908,4.8103582671986285,37.50430387947121,-120.92706356757706,2.2259182737776304
2.4146413541490537,11,6.937553816935734,1.6923517769994936,2998,5.862572410798713,33.22085421651233,-118.66397598474572,1.4485432184015523
10.690258783717846,3,9.758550917070277,2.518846662279804,3343,1.1877803487009477,33.126978604383254,-122.65703035604814,3.6552578954294153
1.8720851738208777,33,7.821049101597509,2.9196145786593717,4168,2.4256658759035434,32.723105747727914,-114.67370034260641,1.8956970492930918
8.131909794097055,11,9.380830056751662,3.4863112434528483,2431,1.977112933191745,39.437673473735444,-115.05478756450066,3.5840719253831317
14.953755953941675,16,8.097696466513415,4.027873327275152,4670,1.0557729365591526,39.11882085229289,-122.10003490797716,6.115593703370783
12.395583773084264,18,6.7337357511392035,2.2766327729521523,3785,2.211628651231607,32.58430990854575,-120.56555716705991,4.343919576110455
9.613072135234152,30,3.5361869530907564,3.407211248434682,731,4.393879917602145,37.60270075596973,-117.86507228148021,4.476093135241577
5.287550691012563,48,7.333485215140104,1.177749288808336,4898,2.1554446106728427,32.8467615524269,-123.04313792694094,2.8172371310573943
9.734541708082938,10,6.9870365276792565,4.696916452441154,2556,3.545017227413091,41.03745770608941,-120.45432178883848,3.465210802346304
8.378580494763122,18,6.819753363658132,2.223764628894516,1081,5.439090574824993,41.071174191801326,-121.48887713180994,4.326731129570922
6.965167374465201,38,5.918286943905926,3.782846398893973,4754,4.468789601745376,38.9823298981313,-114.84483271283304,4.703707401038125
2.8299452743627924,19,6.229252831914205,0.5915348684697994,4417,2.97314534953016,41.2618892143945,-115.47489363710795,2.6653003990554343
13.412459013366535,36,4.675540216944833,1.4233421430716315,1656,2.8623446945605417,40.114530304136906,-118.20167258733136,5.028328728598927
7.296985083498515,13,6.154501541138425,2.691871449456101,2305,3.2786790700424238,40.2853857592705,-118.79653663128425,3.1873897248553225
3.7247151654907107,46,3.580447245427826,4.45213610479556,4543,1.885207205299532,37.69707850569933,-114.69274205454603,2.514170909556663
6.148630912282055,3,8.441395178883013,2.872648174778047,4055,4.170003837079941,35.06059198216176,-114.67572217021184,2.777808292354251
6.797816535404978,10,3.4862156375896625,4.6844171703224555,1021,2.8207640955230273,34.177991151164214,-114.30669874648339,1.8498223913307656
12.58553053793624,38,2.6797303191157313,2.6770860346225835,504,5.261826746310218,35.272000220389295,-122.74621115891813,4.78706912509899
11.270601327859628,1,5.489968210857259,2.7070209353117747,4872,4.782763300289082,38.28495430089062,-122.3944218923683,3.561903338051548
11.770268510978758,27,7.266459516048495,1.0388605482523934,4784,4.0525658204608,33.72656535832399,-117.23263301320114,4.261577120630857
1.154437702001061,46,5.501734599468331,4.111953098684989,1720,2.8210111132475806,34.586402366373214,-118.58565523390155,1.4552224949774053
6.826155974516661,8,4.214033055610469,1.6113443561017813,3052,2.049659158367422,36.68060862795464,-123.81534095106764,2.706348615433169
7.73881812289453,46,6.465369471123526,4.548256202175418,3218,4.880759320528115,34.330500985246154,-123.38024964010481,4.161461146702265
1.2686918755227936,42,4.7760186832975995,4.598708991486783,1694,3.4320454949554327,37.88643669716062,-115.11919617741195,1.3413098264068009
4.6373849224304795,17,9.462941521013065,4.744895503433674,665,2.1237501908867875,41.2317602845633,-115.31129204460613,2.4009599527821384
11.64405752370989,9,9.381161116828576,2.841037200963905,4899,1.975873075200031,39.48089365703127,-120.42729078003956,4.871246148540067
2.919535880205987,6,6.018974559776764,3.5469220315263996,2968,1.8270045225067952,38.66426614148913,-115.08949383069465,1.4558480537008336
8.494341840336283,43,4.623071952146068,4.003321460277485,957,4.885805981027975,37.82721475983779,-118.06324925602098,3.8612194622462472
4.012826208241325,25,7.897059311653113,1.0895657839270951,1384,2.1449359265015584,36.87947909257065,-115.94094352981098,2.478059740538325
1.1696908450145058,39,2.293703547864533,3.2043073774887376,684,3.6332113176259875,33.8656385963466,-119.72568928839786,1.301428083536213
4.3768204063935805,49,5.79815204834921,0.6543405558649025,4427,3.257731804865282,40.947104554268655,-122.86601672655091,2.300632069325801
14.662232568740754,28,4.690587154162668,2.7390473752492666,1345,3.8980544961414196,34.48536002012836,-119.66272937353983,5.351939460358458
12.221519566361854,33,9.364287080820437,1.1967920672910233,151,5.3857745018559715,32.91308877578161,-119.42700202003103,5.9169761656686966
14.434073020494468,37,2.0960242181814603,1.3231531668293812,2263,5.338736950408653,39.50015179228695,-118.49055806159397,5.298162385332183
7.829956614969074,9,6.422519005746793,2.142714050116707,637,3.255380359124298,33.75615534331166,-122.94417287095573,2.6472277116407064
2.536306781485049,18,7.925308648533008,2.4459672502242635,640,1.0768312536736167,35.71895999541176,-114.08598136950388,2.529389555513953
8.671432845631701,21,5.88014390019233,3.3042759103948427,914,3.132219028571516,32.282849282909794,-121.55863179193094,3.8049162870833806
7.361282683839452,2,2.6832242413017733,0.8349278829733204,1515,4.030967687120702,33.37067942540448,-122.01447596462907,2.858774716267024
12.820999158354624,43,9.779691120223218,2.766612925568501,2938,3.788823795490309,33.732036307599124,-118.73197081144063,5.916199357736501
2.3731561309794245,38,6.144083451008783,1.321813086138955,1752,4.256680529001027,32.54410127750178,-118.6279182060511,1.4570793320152655
7.835375918304894,40,6.913489954552091,3.0828882876428385,2765,1.7703786623654174,38.56656956622845,-119.60179262166756,4.011719842539947
3.1006813057157796,36,3.8928782616600586,3.3683207551753256,4614,4.232675493903663,40.370077958031175,-116.28107853674746,2.563391409210245
5.54546297646084,43,5.8679846808544305,3.0051916544878425,4162,1.913258093718861,35.73315406365941,-118.83345599271398,2.7200769156267848
11.322999083429195,37,5.433195935666575,3.8223297971523844,2456,4.752619903483745,40.74576476718201,-117.90304544855016,3.5247959635444164
7.664253811162731,15,2.59916673601587,2.010241599084056,3910,2.6954380663134,34.133465745601264,-116.76253614592214,2.9414665143152723
6.26243599204077,28,2.849282828379738,3.942979662349089,963,4.549477166907268,35.253904235612396,-123.74974898436133,2.5428839210974505
6.522667899980494,18,8.699780156950197,2.4474518676868717,285,1.2393279945305355,33.50736993031168,-118.29355817454956,2.290598035625047
7.432254757683813,34,3.918559617652722,2.6788302424516854,4456,3.039300127954567,38.205591954189984,-115.15805528771631,3.470280154854593
11.990231613718796,22,3.5596661719890443,3.4164595726748215,1651,4.5251726113166635,36.198695908703066,-123.82611257074566,4.487359302213774
13.489185645163282,11,6.039291610001114,0.5826127279965079,2307,2.1343525816574704,38.13283346841899,-119.9481789619904,4.108484651503449
14.374685611054996,13,8.149977050900103,3.4429739963911175,861,4.976435223986113,39.61674905394184,-114.7377254979417,6.15990829977628
12.016647407574132,4,2.4955721486319034,3.283633170824519,4419,4.153898665524659,37.45703016032948,-120.46845597717463,4.145930373984444
5.415696540472178,22,6.614463357106047,1.8943120253897596,1379,3.9378088607489916,38.27630354901788,-119.41271175799758,1.686309598239185
10.63388588521159,7,2.953683542724587,0.8860742820477027,4375,2.7677442710216855,41.35250314394333,-114.18458606955687,3.990662438526104
7.126443736775487,43,2.2916884066049477,0.9092095246086851,4827,3.4122573519055877,34.990643096088434,-122.00676141049426,3.576554520671549
4.565388708644717,24,2.421951617297739,4.6545068614335285,3794,3.9867465048892656,35.59163938633953,-123.34744810874994,2.5665904633944434
12.772202111962917,4,8.67331286566753,3.601756945516267,3381,3.3623105695744524,39.17703361709337,-115.40577409138696,4.286966136950697
1.53796888547255,28,2.9437798690244925,1.0719617619683317,1636,4.491566619702801,38.113055170553864,-115.31534658787632,1.6788220911159464
13.62466788989593,15,2.3612109152983356,2.1052542618900785,3264,3.168484665534798,33.78532904539715,-119.27922165319987,4.399932792722451
7.460684504746278,1,5.503199097143298,3.1661734725571837,2870,2.0113659087101516,35.7614731001049,-118.85792825522714,2.3719742024409656
9.920820675315927,3,8.751947775536198,4.260072672907919,2063,2.069668914005236,36.67838013124715,-115.64193630382164,3.2659340964163066
10.230954910880957,14,4.0992670119144154,0.6964741792085384,3945,1.0290188442147055,36.193898379683894,-116.61440501884205,2.772817862508462
13.53164836989151,38,5.373700940207331,1.56484909161504,3535,2.504788577793362,33.782748083220405,-121.34850997782989,5.548834151672648
9.913375550340902,1,2.31938026051001,4.50387045632921,4810,4.744588202392598,41.24430091784262,-123.83106644928482,2.8642326270792324
9.595070186640864,38,5.592628113079007,0.5412449758271742,661,4.970813544188047,39.62318761693976,-119.20299837466455,2.805662711123518
1.9331285678496595,38,6.620904645097069,1.4062959625724933,2521,2.01233771047875,36.813558321078524,-115.41087673904359,1.969391836663812
8.257712307232858,21,6.567256430017158,4.815608791878347,4817,5.795219984357039,38.800610283068366,-115.04165323309837,3.892182321307443
3.1023660114385834,48,4.659413537394921,3.26030830934977,2235,3.512013967400634,40.97282672135522,-114.43773802923846,1.540143012135615
11.324072762100798,29,4.524265445305084,1.677521149868779,2161,5.584893745092513,33.36174142361571,-115.20436762387219,3.989472774711413
8.171106891377443,5,2.852988951492783,0.8014599247813142,2280,4.533826409308156,34.503730507069776,-118.19956444701901,3.017018821031389
10.523188908916946,49,4.934386565170147,0.6268610320124997,2060,4.612167115112065,37.42701247256645,-119.55394400763899,3.319614162497805
1.5834206084333797,10,2.7959573509837172,1.6013528583661727,3979,1.4252181065303557,39.99010371352359,-116.25150153465901,0.6077136247772339
2.1870882246412453,28,8.132767557696413,4.466686188150097,3379,2.0999556344846533,32.362548954415274,-116.60178365634404,1.97937208399076
11.028527432877551,21,9.730194381985488,2.3716114443387926,3984,1.0440741664723632,41.840181501963606,-118.61856569918545,4.302438072216419
2.009180703981427,7,9.760595653333656,3.7415001612469685,3370,4.580638202383687,36.54906602882397,-123.1267262744153,0.8827345254196165
1.9975941887136204,3,8.92056879500315,4.63228265920981,4787,2.7221914421425497,35.59231140621723,-114.73918653213082,0.6946766656069487
1.1695186532884243,45,6.806337194716953,2.3361820772126745,682,4.933262580381734,34.92724437839772,-119.44397462498338,1.008623445834869
14.391019576192722,47,7.606925577951039,1.3607481696682868,1713,2.6946810996851314,33.74356707650872,-120.36666218083735,5.633443321888666
11.325117032426098,20,4.2816464214433125,2.8270306888561376,1201,5.096668761494305,39.91573908930028,-117.70432604831228,4.6126791920598675
5.945519719028898,19,7.046163361380965,4.586376591769345,388,1.653491268741565,41.554141647460966,-117.26162038833023,3.8198987738434047
5.151498138027173,35,5.64519639551902,4.119684863619653,3959,1.8668657837875409,36.13644754845398,-121.89312082969698,2.6220762025006175
5.895845216441893,4,5.85613871821546,0.7962342951341921,3160,2.7043826979196823,41.524206947534566,-115.63061155190044,2.7786800105736758
11.845149436536547,5,8.062212483001264,3.6165776003491183,3026,3.0424369444113664,40.23797615435034,-121.10062906337622,3.808526162147619
10.259188554985801,1,4.255346844778013,3.073538851065292,4202,2.743514054214892,36.810511274763186,-122.13316074085684,2.3237883567380897
3.592737950144551,4,4.544316893556159,4.583584293558915,1283,4.8182351626161,38.740261791261325,-119.93600147145503,2.308878398240761
3.437530694677181,12,9.397134329029093,1.0511663758263374,4435,1.4847569631335735,36.34984179170463,-116.69439919102535,1.8608649519908316
2.3775390959875624,27,2.449794358807778,2.9031625094209548,1546,2.7560850981924405,37.587234082125526,-114.34541821560197,1.7124371854940585
10.244238075818734,42,5.885074387306723,4.457582120803515,1849,5.1861999975772965,32.580463370185036,-115.90718735628568,4.358130347995548
11.701217271104303,23,9.302406403262893,2.345107040337844,2003,1.33398538631086,38.96263475300533,-114.59651622329808,5.2806459340585485
4.710649996550057,25,6.882904062545256,2.6689771297979017,3275,5.711717538356787,32.528246444841365,-122.59394195923473,2.945085378917635
1.2932294544327794,21,6.371256593697057,0.8170730495013123,1177,5.9315842113600645,40.1708494691965,-123.28823201136323,1.5431036713917292
2.150403344669983,24,3.9979534338348417,1.7516463820200987,2477,1.4428408691254004,40.249469294605575,-118.42295238093328,1.6312246323646675
14.550040487830426,25,4.746203912515586,1.960279921260263,947,2.456362611278685,34.370772875562146,-121.09702516955966,5.847910832524448
5.136226884683884,45,8.816387326437543,4.753051019351991,2976,2.8620033301767807,35.236627810358,-115.71945027030728,2.8800078089346455
11.76912406973387,46,6.473745054147665,1.7720031224352157,1339,4.88195684326363,36.81310378558293,-117.28012128597673,5.7873190509445305
9.745289963959692,32,6.117937550054239,2.573909308713434,1432,3.979634060583669,37.96662906932482,-114.29271836014206,3.6927571550551956
6.347154955140542,32,2.7966377083202314,3.520869906039259,3606,4.221828502462837,34.873536617419965,-121.45207644268696,2.6860567276739564
3.8796216707377713,5,2.128225251640985,1.2298251758354484,2479,4.7875491140925295,37.92486404631925,-119.14215885644768,1.7298076965309348
2.69940985423169,36,9.709481509496392,2.688990742138435,4891,1.5898949971851286,34.97787073229299,-118.98759522574647,1.5517749257968982
9.610181552544132,46,5.015889338294733,3.823425677641584,4222,5.166047284551312,32.55490721071061,-121.60823205142624,4.804396133607175
11.844872928929032,42,6.8257044967960345,4.400848458621797,3337,4.52809902090072,32.02527549831909,-118.09906600511992,5.093940322689713
10.01465954957583,49,2.63772058549828,3.3181667359809204,2465,3.8867086259818513,33.01151057918429,-119.56714013920761,5.732747533774294
8.424229865488217,42,7.464914285784372,3.5107408189262657,2512,5.448676673915283,39.922507001640184,-119.53278444010127,4.978569602493737
1.5873171280429077,39,9.460533669647688,1.0682756266305602,3274,4.501531769419035,41.61431312383337,-120.37263352027516,2.1433841585442557
14.558842886321372,16,6.605322023979357,4.755994237608562,472,2.008499813155127,36.26966199281219,-123.83070647574465,6.003178707651955
12.181998683164045,33,3.0089225790032845,1.0965833486801706,2049,3.1487269053783336,37.126839534499425,-118.7790476308521,4.984330858092655
5.099508513813507,49,6.653772219787814,3.9860282173180925,344,3.4702143346786665,33.46848169073426,-120.6475216429967,3.0914819495136583
14.719584611023908,21,8.130777704837218,1.6916734480024347,1940,1.2760881337520282,37.51031352680157,-123.98680131015671,4.7346882517758875
9.426342254908509,9,5.251332292592149,4.701169146655632,3527,5.773187566800279,33.44654902006977,-120.92056292338069,2.5862098779138707
9.153917214901451,6,9.038701983531743,3.739817927162658,224,1.6428863039843924,38.1121433119883,-121.21371666910242,3.58523959225696
11.473024512013449,45,7.189463626858916,3.8921617084026603,4732,4.487306336133634,41.33258667580854,-120.06551846776364,4.6185633174748215
12.364777033261927,35,9.19399134631362,1.485766278769475,2853,3.531155180454401,33.95698539303039,-122.68148010356603,5.36713854306998
10.190700502641038,39,6.988042489978698,2.4936798948582237,2019,1.128161249422113,39.64563718057102,-118.92316175364915,5.097515320515421
2.7933404491268004,22,3.050303776038594,3.280159375651789,1735,5.623737379321808,32.23502422818324,-117.0755964748187,1.851503646478148
5.7357450839229775,41,4.477533688841513,3.964881281929704,1525,5.259184044094666,35.75497241321621,-117.69814430945428,2.442089788508598
13.993170964564696,5,3.6143595860196553,0.9678171916057531,1640,3.6212896395191776,33.10748507830509,-115.9624505243081,5.073475335643966
4.144618565813927,42,9.270611981734898,4.830643924045377,630,2.144711680697226,35.52475441595699,-119.47991712012919,2.31189091129514
6.210338333725186,23,8.083200538299861,4.505993017495502,4449,1.6081144534004712,33.73536919638884,-118.80908269660272,2.335001777080545
7.049076361218744,17,7.411186951280048,1.7165686572301295,3203,2.816962397160633,35.733049901228874,-115.89598059141017,3.300831704483139
7.15166985572233,12,4.4077305570529735,4.202421093645494,4856,2.2771414052304526,36.1752280610753,-119.72298829180761,2.208901661598513
9.581154154923357,23,3.472358176401708,2.8324576536792057,1901,3.5334560050314936,35.005911227809186,-116.98400650100403,3.219036290050564
14.203061728425906,16,8.051608703911295,2.578129167029084,1136,5.832046480617144,38.56621949473129,-119.65397631282008,5.754158962605187
4.369697965655069,3,5.793263567032637,1.9149534761513243,3828,3.874767466148207,41.18852051258909,-119.82263805488438,2.1833049180960633
2.701019268212853,30,3.806316417205033,3.114358639842166,4111,5.449655279450489,36.00595374105272,-116.3979437547084,1.4493166498005827
3.7645868580391224,22,6.932975825322201,3.78450102966619,3563,4.254394187478886,33.92343156475022,-122.25163084533789,1.260899104101716
13.416948602929773,9,2.322670817107616,2.3491980723324124,1242,3.376232632936002,34.707227581959835,-120.61414028058427,3.9523106039395897
10.041351377172884,29,4.609362033026028,3.3314863685373144,1855,5.273037813666856,40.54000823496369,-121.75827723253099,4.857806303110202
5.002695049348242,47,5.748455956729077,3.646908145198867,4940,3.3568405508649874,37.71639723270148,-120.40890057032402,3.3165789107171437
12.423257145560642,37,3.1836666728752467,3.7000481765687865,1729,5.343140852551805,36.550110323069575,-121.69625177633976,5.312136877637418
13.059179949088104,23,9.877235820726717,0.7338474415903111,862,2.4578838478788265,33.496367215089265,-118.20594368913345,5.4567975671705256
12.851200741663892,13,3.672778916716914,4.368865125582801,4989,1.6440653688149407,36.49727308323782,-116.01829197382155,4.088670729155608
13.864971470953762,32,3.0428250403461243,2.5621399164427157,4939,5.276572321814692,34.78492003357387,-116.13386938782098,5.42826323318455
4.531374282427063,46,3.628278991095171,1.6808723676329649,4057,3.9370758189633337,41.431631278533494,-120.35499035451207,3.199116079753635
11.570587002447896,47,8.152489065277795,1.5879402836585672,657,5.445461991244801,40.84070109415731,-114.11239594105739,4.907157045431438
7.44755296183796,48,5.4040452741747425,2.673563507797777,4721,5.6891360349619156,32.83902541828198,-118.06145635294199,3.2443898390899566
12.787979740460862,23,6.523327518020304,4.490741927610316,939,1.2681419518572459,37.16653489261243,-120.00599698221706,3.963559757720643
11.198869480262585,45,2.168073255890886,2.202564117571911,102,3.5048465092943415,34.250583455146725,-115.64460720758575,3.997127460817337
11.870264250996145,17,2.2754504685865165,3.873765860525945,1151,2.8748227453726463,36.10777089524291,-116.70125987357359,4.269395467303059
10.186265727535002,40,5.566604398616129,0.9356842894424837,1504,4.129291985350585,40.76847998251456,-116.50724663175896,4.067625501377512
3.484002772575896,21,8.533241945612989,2.642255159679778,256,4.967955986011617,37.27514519888545,-122.03860650266128,2.6522772938355033
8.630376864557137,2,9.081911029660521,4.9625876317673105,2037,2.402951079871845,35.342152933707595,-119.31675692631445,4.272762262146401
14.785376353343114,37,2.6936525407651217,3.9669701125655163,610,3.783991921865858,34.07888354104997,-115.38171869175397,5.259039931763571
14.123432930959664,6,6.306904816808182,1.4473781979827585,3504,4.543642899524498,40.00324859406489,-118.95961992371242,4.907216570614747
1.6044323011581634,44,9.305837490234165,2.7564866316405983,4882,1.67215541417867,38.245180153643474,-117.1654725657895,2.4283948713494254
3.3074074202121198,18,5.103782035183091,1.5513114364185494,1237,5.070334529756334,36.680654604262315,-118.12066266965735,1.4978336224585194
2.8442028283638665,30,8.636526651426948,2.3430241726812917,4014,4.030547999264865,34.17484353862978,-115.57643212281619,1.8761020042670244
11.163718739794136,22,3.0695652351954896,4.010378106807341,3421,5.7476871855682585,35.342463741571315,-121.15439160238397,3.5867993950022643
12.448994617997231,33,9.48315591734239,3.9705116688068163,4766,2.6976445956534665,41.59843426738519,-118.24524722113635,4.571699625975691
3.9891591283494066,30,8.01138654025042,1.5264517005607332,814,1.5407297116859933,37.200899376058345,-122.76765331990197,2.9714572328833366
8.081937701325606,17,9.530675142295213,4.650004931696871,2386,3.5325060051846267,36.00699281243253,-117.09789223300533,3.2368586011724005
12.7698423921568,43,7.412937868420052,3.166556822441721,2754,1.4290538585471944,37.21422042348324,-116.68032161647288,5.829612126082589
11.25922162672751,32,4.907231455995416,2.2096593093290653,1090,5.847632616620034,39.789885058996084,-123.57162678811001,4.662648164166914
8.591320876885876,42,9.50544938019778,2.7587101135138727,4529,1.1934247912859577,35.40108936502869,-117.24209036372015,4.218615380187304
9.26486766642282,14,4.204534210473428,3.2228206404698465,2260,4.767519505536541,33.78706120932609,-119.85309845834213,3.7235868279817756
8.11704765682792,10,4.65738017649386,3.0195073933060343,4557,3.62551199071122,37.84936118339048,-122.75903123890318,2.4781461556852857
5.165678318463488,47,7.6064673440139225,2.688822659912802,2244,2.8431032624914434,38.65204103481067,-119.80092452301533,2.7257069580895434
8.910307900026226,36,8.12253039620309,2.7721976184023003,2163,1.3292108225432733,39.127180029585496,-122.05767070304418,4.423534272986716
10.64439422870127,34,9.43522787079323,1.2938535969254878,2703,4.110834620868038,40.8198759076613,-119.84440467876684,3.654312155180556
13.226520822051308,9,3.638419272449676,4.157298069371057,2077,3.926101646954776,35.71174120689113,-120.15660972041472,4.311238860541998
9.908078955709474,42,8.383984281753792,2.937921439734569,475,2.404416365337999,32.75354896228892,-116.61608363063942,4.799177202299132
11.655701518604213,28,7.9083684271757075,1.0898593776711638,841,5.551108507051561,41.58348583630942,-116.25784441833642,5.448495692759625
3.241002889364022,11,2.510356450028783,3.9477069571225005,4585,2.5205500367141846,36.35011927437475,-117.92971345615453,2.003690996799765
7.461804641877059,14,5.097785129681656,4.695997902698078,2767,3.2486270529605306,38.23257509673131,-123.77313157817552,2.7283768857544217
1.1306426775793061,39,4.262123656480789,4.76288104656633,1340,3.7188122795932785,38.66305323128292,-114.68977720929006,1.6923943808351063
4.4535041033027225,47,4.435923394832243,2.1605797958502775,3570,1.5011593908814305,37.46513708701204,-117.13766719903552,2.2094395017654778
11.170464011582068,19,9.863575036437606,1.109825931023393,2467,5.660808596068161,34.0525752973627,-123.6580455007881,4.440262191058084
14.885339318891088,15,7.142219307839423,2.832798319848793,2343,2.8726807622552055,39.55143050116141,-115.81167100785882,6.02201406728441
2.3884933942210225,28,7.741409262347997,1.006741532071493,3649,1.4038960693717182,40.03751974304082,-121.99733845282003,1.9803997121030057
6.6209204220580355,24,9.812941098520074,4.702943383306778,517,2.9364558683766497,37.5297558601744,-118.20778810428894,3.2922619482194895
12.200993561788232,8,5.0176142596611095,1.326108323098157,706,4.001012735462903,36.88561160584842,-119.33365630049813,3.7391859583083886
3.8564988848045836,43,8.414721347622447,1.6374463697802384,667,3.568263359106648,33.139381831279856,-119.80161217644924,2.987833064051728
8.771189290232007,9,5.476247706435963,2.329864370982367,643,4.47270987018637,32.83951661499784,-115.10286279875602,3.619515481586937
11.262998144415448,47,8.956269374519838,2.224240108516066,983,1.277419710339553,35.39564845563529,-119.62638708437385,5.464825827215901
9.623796303642507,33,3.4452603304904255,4.0759830157905,4898,2.4227030513602807,35.10846155517393,-123.24655882426849,3.0821852063775044
3.632346284615826,33,9.581489416514238,2.5534256924793306,1323,5.096152884200511,41.53656450963271,-114.53361272785048,3.08015371406772
5.975383961600352,19,3.7501736672870374,1.268457170015016,2993,1.3994684389568044,39.8362274244343,-114.79464768760373,1.9851593665902931
11.97308498279556,3,4.609764055847452,1.7024445296873334,2168,5.2774297734797875,38.5992429525906,-117.15567310418402,4.014572174395524
8.759171197848232,10,8.049537872854245,2.791010233343849,3809,1.4594804603855311,37.17648089017605,-119.32107471867975,2.6840950497759333
1.0732145896007783,40,5.150041132523254,1.163542628417607,1886,5.172271074458481,33.673675307266514,-123.07140527056478,1.4890571798736933
11.653870640393315,47,6.865691014131573,3.2524505404070636,1557,2.8039420053936333,41.784566721842836,-116.09251881422524,4.4583145324300775
1.494358969163347,42,5.556588008555428,3.0458628794801568,2014,4.061045316286079,35.7504069824021,-123.24522085575971,1.4672447677931846
11.44027295823725,1,7.938959496718255,3.7161604237201598,177,1.7644355782399908,33.069256024472445,-123.31399015104854,4.090125035799233
3.834727842313324,29,3.826650018948887,4.719670769207155,3713,1.3308436086259041,36.93798895715746,-118.62616157560632,2.2907122195654024
14.413028721671322,34,2.467663897895016,4.6051455249552005,1408,2.0796910201006753,40.73998011613083,-122.3987175981536,5.416869463389285
6.151170518229183,13,4.39943517978453,4.757340281309741,747,1.6392690895434776,40.87291001777329,-123.9226973265965,1.1387795157593288
5.577042628733107,1,5.794469318947442,1.6012201866066542,2287,2.562029488398159,32.109659160564476,-119.76886569004213,2.531657847751424
3.0844327046542253,34,3.3441604175414286,1.0920438798770957,652,3.571916232555101,40.862957447514,-122.62782768389934,1.9882818620790066
5.278459016863009,29,4.8383783172511095,1.8602451522340182,381,3.9437973178250476,34.71484217499859,-122.39484584719308,2.2742619330021983
13.273110665594809,48,5.199864146348548,4.5278832774484155,1381,4.949340536898714,32.38972363968423,-123.23089361264665,4.795321799147676
14.948680726781463,47,2.4591347495061884,4.874240635805697,1946,4.281199466241793,40.47790270362874,-121.9490624627639,5.395591592457208
6.156333427095877,13,6.666457985473636,4.366962279817142,2587,4.043791625647765,40.63866755988208,-116.8451582022561,2.6704967221322247
7.280548833363596,48,9.074747423770301,0.9950797450739461,2893,3.058910137428873,37.9623107984235,-115.91072692782208,4.190826546273027
11.108993134838318,49,3.2139433036244194,4.763425991269069,3811,3.3690421748006933,37.74433757296359,-119.474663559707,4.29727592669045
13.406740926511043,29,6.782464107212112,2.405111123078537,4299,3.0726041469509053,40.1312027262142,-118.93446184118582,3.897902292360037
9.302620678614979,39,7.31791363928677,0.5418963084305916,4961,5.210830150306916,39.8630955271028,-123.67344965405798,4.0278311307899335
6.4813597744896105,24,5.354677443354307,2.490771833366871,2876,2.1500022627419995,40.90105473442704,-123.30683738628683,2.243490913995907
6.776705771880732,26,7.60878069891416,0.7073112635396042,1696,1.0286046577098231,37.52747447596703,-121.42432274350483,4.306134722536829
10.738654050955295,17,5.285852347928096,2.947450645225029,579,4.256599486131196,41.67647092732808,-118.56101579286853,3.9724653005278356
1.0450556904599015,7,6.037098303819479,2.023493123466731,3412,2.012310918194157,41.961468309333384,-116.60448851265006,1.326611887788213
9.67425072443777,13,2.058824356435416,2.6304572011732192,3318,5.450575681549046,33.165446099986326,-117.94996938661967,3.5541983397915953
5.976902146179004,5,7.5337609130775105,3.259266623344027,2063,5.295231648533281,40.49543759554122,-120.07872145013212,2.6386476419751244
12.118762637879179,26,7.290741431557795,4.4096049311801915,2242,1.3836368596410296,36.99822257748589,-122.81675926996861,4.456113878010861
2.3018689575238502,49,2.3072070186107565,3.4785570941236785,3998,1.5319420270703867,35.87566338299832,-116.1922676511281,1.4554390074481003
9.234831737277467,3,4.946000859161065,2.453219908151813,2172,3.4758579612333316,38.13072309882715,-120.36213948400943,2.1920918615255864
7.733620458405732,7,9.832254726333339,4.187425341516643,1395,4.0461133138467735,32.55965557262007,-116.6394598551721,3.3050369106498763
9.992557362673184,49,5.365892500548934,4.575119619079095,1038,2.3745416874112037,37.0646111876708,-118.87021158085658,4.435790946381837
1.9079503227615568,39,6.015563241054734,1.0389198489448874,861,4.583988583496853,40.70890570026667,-116.61337946438175,1.8780805053877394
9.119773023993838,1,9.279441265277748,2.8936983989875618,4849,3.9745801045943576,34.13461516138969,-114.92710438547428,3.6109020481340863
8.860784231433332,49,7.738095006926051,1.7803038188409985,1769,2.6241205487427735,36.26389894769425,-114.78970483946198,3.719824412203491
8.849241321826394,17,6.6565610489937885,0.7117753904462634,3962,1.126857440211578,41.394808877148755,-118.64893219999396,3.4778160749418694
9.448827332350367,43,8.382437450728581,3.508460128012934,2785,4.750751406492588,36.28563837805697,-118.88491635234361,4.032542041486427
10.470551121169072,25,8.914930131647786,4.382468498566515,3999,2.0737683291254134,35.583676323323985,-121.34321534497163,4.64603788240468
12.269845995530776,3,5.655104573898135,1.2330619451482732,2031,5.172368717313142,36.405366481233784,-114.64200168470708,4.265303322909257
4.777490081795001,15,5.800866919454683,4.155861459307552,4039,3.101451300271276,37.19452766517556,-119.42080832800379,1.7856343239226566
12.550691742520868,29,5.088407485214686,4.340280800916237,1226,3.885387213158827,38.31991344131469,-122.72408760712622,4.557058788947765
7.975579551688351,43,9.733649120147685,4.614531991999176,3397,5.36474365204501,40.00692800916731,-119.6729508537345,3.4755498400608262
2.078815907880636,32,7.577330034322803,1.6937829008872358,4770,5.3181150045997665,36.521022057643144,-122.72946749761996,1.7726010673315329
1.8197130094157088,26,2.6657845296645784,4.567788793354501,1303,2.8575978762178664,40.174809350901405,-118.97468315742925,1.3954463969642545
5.679336461744851,16,8.903676986504149,1.942982396313945,4235,2.044444463574216,37.337206613520806,-118.38724485143788,2.1508720805973787
11.988557679560547,25,5.844479526690145,2.985521060549763,3872,4.875730388642973,35.384805103679774,-120.62244238506415,4.501160902086911
10.90753308637282,28,2.5500312513798997,0.7272836187452696,619,3.1654010180106558,38.579508281194144,-123.28349385768516,3.675931413223447
12.04060950541369,9,6.397738041306488,0.6974648976593463,2383,1.9602099677950204,39.177222547434916,-114.56496464366761,3.731292580192955
8.241766790182531,1,5.337314231805617,3.741679457294913,4658,5.522126711585751,37.580489756294874,-116.2664688651657,3.7718242870150647
7.162785971376868,29,9.021995238900999,2.5001599009000595,582,1.990520971205437,32.56614973134723,-115.61118919494879,4.132914329257204
3.0643353738879755,22,3.631956828875099,1.653315689161479,2577,1.1290358409561554,33.69882875160825,-120.33131605713771,1.3407988487714146
5.594698550530362,16,8.611716875937464,1.356860732112096,3193,1.1013998688370998,34.85297720890228,-116.3916896998055,2.6468536677827657
7.0762711264342535,41,6.461509529483622,3.514790708866481,442,4.111576782271321,34.82625605951493,-119.14627104830805,2.402169850833614
2.2404060155146412,44,2.4368824257077524,0.5018069481140295,1562,4.308375303587652,38.734208002468705,-121.98916511593954,0.9744760969970064
4.088567337956958,41,9.774762410603877,4.126510261385844,1302,2.5552085252849195,32.183486616736324,-122.75576623092786,2.2537067258624415
9.375154116892343,7,6.100921952825599,0.8566232275846797,1721,2.600054946235317,39.5568177704952,-120.54949130677943,3.503014781381031
11.299283599348659,14,4.32701483385266,1.3617032670865374,2498,2.6974695752997135,34.653424748069334,-122.6244788852486,3.977040643938579
14.976865159501294,29,5.755254735914065,2.2380637788459032,3696,4.400792733794393,35.100218462161024,-114.01731023795932,5.702542805811143
14.063586638809808,19,8.862862268139912,2.681864328722466,3635,1.290668955134143,37.27909827943924,-123.50811009767978,5.6905728315559045
9.995912793492682,19,4.439224995080508,2.097478021162738,2977,5.6455817634566285,34.15925600938957,-119.58856400630924,3.856827078940968
6.897472746117008,2,3.5414111718936025,1.9432047424293226,2490,2.1126052208872323,40.84471313575528,-119.47906477609615,1.8255187799223584
9.906483105915258,41,3.0325699754470516,4.837622054329348,3451,5.998366026210461,32.85368779326565,-120.99368071418324,4.015332543713847
11.999122653123248,45,4.38287518712169,3.387108565595274,3013,1.857613468935935,36.44382362301065,-118.28648434293055,5.0863447920189495
2.6567066729274225,15,8.240384696320348,0.6054482991532469,1289,4.8577322865618875,40.494222694548895,-122.50022975848455,1.677141765669831
6.738668455748035,3,5.7730109215620935,2.435791587999409,2440,2.1170627246481253,38.15843894421236,-116.16087619412767,1.613901219954399
12.757231998898641,11,3.81985282954832,4.437539148847867,3680,1.4042340082162699,34.923295158426335,-120.67552281752361,4.799312454403969
6.373661327062616,46,3.3294799968779936,1.856552838848006,1703,5.374666621753244,36.207602077764605,-118.08657410201359,3.116376030596805
9.006211797180612,30,4.661835812083033,0.9255035514847471,3397,5.293756295954459,39.06694380342515,-116.8436076393304,2.3353525712400156
9.228771052070774,40,9.519394983085672,3.91273147215463,697,3.017851962248007,41.73260743363899,-115.10957882309839,5.360060782755665
3.5826675438709508,18,4.744213700720195,3.227062243712366,744,4.511980712702134,40.931387183794335,-115.642125635478,1.508487261505269
6.071296183132038,48,9.904992607637084,3.0664062852192675,4643,3.785329663419586,35.42432808382377,-117.9169097189644,4.838079395031015
5.68315804238705,2,5.881843646122849,0.7410945182333357,3002,5.264780568368744,41.98197879287858,-120.11606819616114,2.4847592344843568
1.3667539194489071,32,3.433311346321207,1.132245544079828,863,2.575279846593272,32.035046635310586,-118.96795329925035,1.235405195727214
1.3386846944789734,8,9.129120734348074,3.301472282959012,4930,3.618361999994926,32.27629755808415,-116.31265206621197,1.4012412297842016
12.643758611460829,22,5.682842985078615,1.4352072865647612,1742,3.4268618560227524,40.23840515171194,-115.22454457440527,4.375015659045947
4.8229913396193735,6,7.6773707480361955,2.7683153588679095,2397,2.7695291312842936,33.99462686833052,-122.96218071823328,2.226873907524055
8.253102727343416,12,9.869692665673213,2.9519675871322706,4796,5.457275322781861,32.60769268396241,-120.15143737506946,4.5606120220178274
5.182158030242823,47,2.401402802559792,1.7757823562192274,2272,1.8293896233126774,34.37148073236502,-116.238834015865,2.1966873563924882
14.169509431614767,40,2.773556478300537,4.767913199936718,2260,1.7475431976034808,36.2610015398086,-119.68348237406039,5.356495171785237
4.6301546241208325,36,7.763653931702049,4.291088480760088,3849,3.8845476766137566,39.30566270433405,-120.67772235933717,2.310977934005008
7.015195378345091,15,4.254600026363776,3.750680784347593,3022,4.28747114992471,38.24335526551206,-119.8867730317673,2.5584440847201164
13.218223506784426,28,3.4744111756007925,0.8509723988423409,679,1.973096271622826,34.3762121756042,-117.97155253213649,5.8186647165935925
12.78706993508532,49,2.314895038557836,0.9775850868905875,3904,2.9535872112731205,37.032704481005844,-114.00194855866198,5.261962136742785
3.605419849847882,45,2.1747736958896144,2.7175160563923004,4978,5.732819214893719,41.26214105398569,-119.07007570895468,2.436064283460503
12.237006337139945,18,8.195884824958327,1.2232100713594356,2468,2.23308711345337,40.15007776983758,-121.9150552504574,4.824953078095987
7.414616414330498,2,3.0754674189564,4.902194585882634,4032,4.341803510586971,35.231897848317935,-122.37153424720906,3.6745662916352
7.761564209194973,13,5.741764927769207,1.2133410531233424,4727,4.7007469684879535,41.822645613556965,-123.57650252523585,2.6271593303338676
2.868719613823213,45,6.847174521435864,2.693605259587883,3460,3.240643497325798,39.08620400435131,-118.41182765081679,1.5209671195423886
2.1284211925997454,15,5.42681440455077,2.1385447557867745,4807,5.687629933797915,32.624493556667815,-118.55427908511166,2.2172868523761773
11.191150297632714,20,2.216853218689865,3.377238896543441,1200,4.683283676093953,32.351607132886386,-121.94766073219691,3.619376692007418
7.950456132974196,29,8.26801202070327,1.080663840002412,1770,3.289622899304489,33.6840794901003,-117.04670593547434,3.943034384452852
7.115909836612514,42,2.084105796333228,2.436423926190759,2320,3.84667600888047,39.27855868050147,-116.58892958370319,3.9195415837072654
11.213115201133554,29,8.095119155019873,1.7361726476321464,316,4.463067217125504,33.83738925842428,-121.40901794617889,4.878417261968807
11.717180585875536,3,9.146435950304982,4.494881861022597,475,3.960950902146091,37.11486769208834,-120.55900235970263,5.380462813647605
3.22471434737095,19,5.462719368457378,0.6826357046061279,1709,5.393487919130379,32.93260120180832,-114.09528327652744,1.9276523872294653
9.543152092686977,3,6.284339784782386,4.611773723029066,4206,2.784443311402006,41.20886157830195,-120.25735532149265,2.9667274881286545
2.8949571518875974,14,5.81586714094123,4.248473623488502,3939,2.4994287002790245,35.439606135835675,-116.39198328243899,0.34090858167043225
11.51925120440664,40,5.1136689489875105,1.8390682239836695,3039,2.0691944474763213,41.081320565606305,-119.4727457337006,4.825462569222059
10.197372187739953,4,9.099396282962882,4.051807946046971,4162,1.1889148403229757,41.44875641910544,-116.06655172139024,2.7283477855633436
14.392604695168412,11,9.151468085359923,0.640461021524364,1713,1.2150698219002767,32.06128647313681,-116.30976761217352,5.583225036583622
1.9654122289898965,31,4.686530917132276,4.850894976320271,3779,5.350275965546414,36.64135187198732,-117.32243974801465,2.165501099033154
1.7987660961175604,43,6.920558032117584,2.869677241654052,1396,4.391965732029536,32.24656055706893,-115.45221653704421,1.9396714263940913
4.950619045704802,32,9.415260497166912,1.8647646172945036,4096,4.302662077182431,41.08692766302906,-114.60781505122316,3.068526678988047
